run_id,date,turn,agent_id,news_depth,selected_news_count,read_news_count,search_read_count,depth2_search_keywords,depth2_search_result_count,depth2_view_change,news_sentiment,action,quantity,order_type,price,submitted_order,belief_summary,view_change,decision_reason,risk_control
simulation_20260610_173242,2025-02-11,1,A007,0,5,0,0,,,,mixed,hold,0,market,0,False,"향후 1개월 시장은 중립적 흐름을, 밸류에이션은 중립적 수준을 유지할 것으로 예상됩니다. 거시경제와 시장 심리도 혼재된 상황으로, 단기적으로는 관망하는 것이 적절합니다.",초기 중립적 관점에서 뉴스 해석 후 밸류에이션과 시장 방향에 대한 확신이 다소 낮아졌습니다. 긍정적/부정적 요소가 혼재되어 있어 명확한 방향성보다는 중립적 관점이 강화되었습니다.,"현재 밸류에이션이 중립적이며, 긍정적(갤럭시폰)과 부정적(AI 경쟁 심화) 뉴스가 혼재되어 단기/장기 모두 중립적 영향을 예상. 기술적 분석상 단기 횡보와 변동성 낮음, 거래량 감소 추세. 거시경제와 시장 심리도 혼재된 상황으로 명확한 방향성 부재. 과거 투자 성과가 낮은 점을 고려하여 과도한 매매보다는 관망하는 것이 적절하며, 현금 100,000,000원을 유지하면서 추가 정보를 확인 후 기회를 모색할 예정.","보수적 관망 전략: 현금 비중 100% 유지, 추가 매수 시 max_single_trade_cash_ratio(50%) 및 max_buy_quantity(897주) 제약 준수, 손실 가능성 최소화를 위해 단기 변동성 낮은 구간에서는 매수 유보, 긍정적 뉴스 구체화 시 부분 매수 검토"
simulation_20260610_173242,2025-02-11,1,A050,0,5,0,0,,,,mixed,buy,500,limit,55700.0,True,"삼성전자는 단기적으로 5일선 위에서 20일선 저항을 테스트할 전망이며, 밸류에이션은 중립적이다. 미국 금리 정책 변화와 내수 부진 우려가 혼재된 시장 환경에서 기술주 매수세가 지속될 것으로 보이나, 뉴스 해석 능력이 부족해 단기 판단이 어렵다.","이전 중립적 관점에서 단기 상승 가능성으로 전환, 기술적 지표와 긍정적 뉴스 반영","기술적 분석(5일선 54,380원 위에서 20일선 53,885원 근접)과 긍정적 뉴스(갤럭시폰 경찰 업무 활용)를 종합한 단기 상승 가능성 반영. 현재 가격 55,700원은 5일선 위에 위치하며, 55,000원 이상 돌파 시 상승 추세 전환 기대. 보유 현금 100,000,000원 중 50% 한도(50,000,000원) 내에서 보수적 진입.","손절 기준: 5일선(54,380원) 아래로 하락 시 즉시 매도. 보유 비중: 총 자산의 50% 이내로 제한. 추가 하락 시 현금 비중 확대 및 관망 전략. 변동성(20일 기준 1.75%) 고려하여 포지션 크기 보수적으로 설정."
simulation_20260610_173242,2025-02-11,1,A006,1,6,10,0,,,,mixed,buy,200,limit,55600.0,True,"트럼프 관세 정책과 내수주 방어 권고로 인해 삼성전자는 단기 약세 압력을 받을 것으로 예상되며, 밸류에이션은 20일 이동평균 대비 상승 추세이나 AI 투자 확대 기대감이 혼재된 mixed sentiment를 보이고 있다. 거시경제 불확실성과 시장 관망세가 우세하나, AI 관련 긍정적 요인으로 인해 중립적~약세 전망이 예상된다.","이전에는 중립적 관점을 유지했으나, 트럼프 관세 정책과 내수주 방어 권고로 인해 수출 중심 업종에 대한 우려가 커지며 단기 약세 전망으로 변경되었다. AI 관련 긍정적 뉴스는 일부 지지 요인으로 작용하나, 전체적인 시장 심리는 관망세로 전환되었다.","AI 투자 확대 기대감이 혼재된 mixed sentiment와 20일 이동평균(53,885원) 대비 상승 추세 지속 시 단기 매수 기회 포착. 트럼프 관세 정책과 내수주 방어 권고로 인한 단기 약세 압력 있으나, 관망세 완화 시 반등 가능성 고려. 현재 밸류에이션은 5일선 대비 고평가이나 20일선 대비 상승 추세로 중립적~약세 구간.","매수 수량은 가용 현금(100,000,000원)의 20%(20,000,000원)로 제한하여 과도한 레버리지 방지. 손절매는 55,000원(-1.25%)으로 설정하여 단기 변동성 대비 손실 제한. 보유 비중은 총 자산의 20%로 유지하며, 추가 매수/매도는 시장 신호 변화 시에만 실행. 관망세 지속 시 추가 매수 보류."
simulation_20260610_173242,2025-02-11,1,A052,1,9,10,0,,,,mixed,buy,8975,limit,55600.0,True,"향후 1개월 시장은 트럼프 관세 충격과 내수 방어 전략이 혼재되며, 기술적 지표상 횡보할 것으로 예상됩니다. 밸류에이션은 5일 이동평균선 대비 약간 높은 수준으로 상승 여력이 제한적이며, 거시경제는 수출 업종 부정적 영향과 AI 투자 확대 기대감이 혼재된 상황입니다. 시장 심리는 안전자산 선호와 수출 기업 우려 사이에서 중립적이며, 삼성전자의 미국 경찰 납품 소식은 긍정적 심리를 일부 지지합니다.","이전 중립적 관점에서 트럼프 관세 정책의 수출 업종 영향과 내수 방어 전략, AI 시장 경쟁 심화 및 빅테크 투자 확대, 미국 금리 정책 변화 등을 종합적으로 고려해 단기 중립적, 중장기 혼재된 영향으로 조정되었습니다.","5일 이동평균선(54,380원) 위에서 횡보 중이며, 미국 경찰 납품 소식으로 긍정적 심리가 혼재되어 있습니다. AI 인프라 투자 확대 기대감이 지속되고 있어 단기 조정 시 매수 기회가 있을 것으로 판단됩니다. 현재 가격이 5일 이동평균선 대비 약 2.4% 높은 수준이지만, 기술적 지표상 중립적 횡보 국면이며 거래량 감소 추세가 있으나 단기 관심도가 다소 낮아진 것으로 보입니다. 포트폴리오 초기 현금 10억 원 보유 상태로, 보수적으로 50% 현금 활용(5억 원 한도)하여 매수하며, 지정가 55,600원에 매수 주문을 설정하여 상승 모멘텀 확인 후 진입합니다.","매수 수량은 가용 현금 10억 원의 50%(5억 원)를 초과하지 않도록 설정하며, 지정가 55,600원에 매수 주문을 넣어 현재 가격 대비 100원 낮은 수준에서 진입합니다. 손절매는 5일 이동평균선(54,380원) 대비 1% 하락인 53,800원으로 설정하여 단기 변동성에 대비합니다. 매수 후 현금 비중은 약 50%로 유지하며, 추가 매수 기회는 기술적 지표와 뉴스 흐름을 추가 확인한 후 고려합니다. 거래량 감소 추세를 고려하여 단기 관망 후 매수 진입하며, 과도한 레버리지 사용을 피합니다."
simulation_20260610_173242,2025-02-11,1,A053,0,10,0,0,,,,mixed,hold,0,market,0,False,"단기적으로는 수출 회복과 AI 수요 추이를 관망하며, 밸류에이션은 소폭 프리미엄 상태이나 변동성 확대 가능성을 고려해야 한다. 중장기적으로는 수출 회복 및 AI 수요 증가 여부에 따라 방향성 조정이 필요하다.","이전 중립적 관점에서 단기 관망으로 전환되었으며, 수출 피해 우려와 AI 수요 증가 기대감이 혼재된 상황에서 균형 잡힌 판단을 유지하기 위해 관망 전략을 채택한다.","단기 변동성 확대 가능성과 수출 피해 우려, AI 수요 증가 기대감이 혼재된 상황에서 관망 전략 유지. 밸류에이션은 소폭 프리미엄 상태이며, 헤드라인 스캔만으로는 세부 내용 확인이 어려워 과도한 추론을 피함. 현금 100,000,000원 보유 상태에서 관망하며, 중장기 수출 회복 및 AI 수요 증가 추이를 지켜볼 예정.","단기 변동성 확대 가능성에 대비해 현금 비중 100% 유지. 매수 시 max_single_trade_cash(50,000,000원) 이내에서 보수적 접근. 손절 기준 설정 및 포트폴리오 리밸런싱 계획 수립. 과도한 레버리지 사용 금지."
simulation_20260610_173242,2025-02-11,1,A065,0,5,0,0,,,,mixed,buy,500,market,0.0,True,"단기 긍정적 모멘텀과 긍정적 소식에 민감하게 반응하나, 부정적 요인의 잠재적 영향도 고려해야 함. 기술적 지표와 추세 분석을 기반으로 한 단기 매매 전략이 유효할 것으로 판단.",이전 중립적 관점에서 단기 긍정적 모멘텀 우세 방향으로 조정,"기술적 지표와 추세 분석을 기반으로 한 단기 매매 기회 포착, 갤럭시폰 활용 소식과 딥시크 쇼크 관련 초효율화 소식에 따른 긍정적 모멘텀 활용","매수 후 현금 비중 50% 유지, 손절 라인 55,000원 설정, 변동성 확대 시 단기 손실 리스크 관리"
simulation_20260610_173242,2025-02-11,1,A056,1,5,10,0,,,,mixed,buy,8975,limit,55700.0,True,"삼성전자는 단기적으로는 트럼프 관세 정책과 부동산 시장 우려로 중립적~약세 압력이 있으나, AI 기술 발전과 글로벌 시장 확대, 인프라 투자 지속으로 중장기 긍정적 전망이 우세합니다. 밸류에이션은 역사적 평균 대비 저평가 상태이며, 내재가치 대비 15% 할인으로 매수 기회로 판단됩니다.","초기 중립적 관점에서 AI 기술 발전과 글로벌 협력 소식에 긍정적 전환, 관세 충격과 부동산 우려로 단기 약세 전망 추가","PBR 1.2x, PER 8.5x로 역사적 평균 대비 저평가 상태이며, 내재가치 대비 15% 할인된 가격으로 매수 기회 판단. AI 기술 발전과 글로벌 협력 소식(갤럭시폰 보안 강화, 스타게이트 생태계 합류 가능성)이 중장기 성장 동력으로 작용할 전망. 단기 변동성 확대 우려 있으나, 장기 보유 성향과 기술적 지표(5일 이동평균 위, 20일 변동성 낮음)를 고려하여 보수적 매수 진행.","매수 후 현금 비중 50% 이상 유지, 5% 이상 손실 시 추가 매수 중단 및 재평가, 10% 이상 손실 시 손절 고려. 보유 종목 집중도 관리 위해 단일 종목 최대 50% 비중 제한."
simulation_20260610_173242,2025-02-11,1,A077,2,9,10,0,"트럼프 관세, 딥시크 AI, 스타게이트 생태계, 반도체벨트, 미분양 아파트",0,유지,mixed,buy,500,limit,55500.0,True,"트럼프 관세로 인한 수출 부담과 AI 수요 증가 기대감이 혼재된 중립적 시장 환경에서, 삼성전자는 단기적으로는 관망세가 우세하나 중장기적으로는 AI 인프라 투자 확대로 인한 긍정적 기회가 예상됩니다.",이전 중립적 관점에서 트럼프 관세 정책의 구체적 영향과 딥시크 AI 기술 발전에 따른 기회와 위협을 종합적으로 고려한 중립적~약간의 긍정적 관점으로 조정되었습니다.,"딥시크 AI 기술 발전에 따른 AI 수요 증가로 인한 파운드리 및 반도체 사업 기회 확대, 중장기 AI 인프라 투자 확대 기대감. 현재 가격이 5일 이동평균(54,380원) 대비 프리미엄이지만, 20일 이동평균(53,885원) 대비 고평가 상태이며, 시카고 경찰 납품 성과와 같은 긍정적 실적 기대감이 있어 보수적 매수 기회 판단. 단기 관망세 속에서도 AI 관련 중장기 성장 가능성에 베팅.","매수 수량을 가용 현금의 50% 이내로 제한(50,000,000원 한도 준수), 500주(55,500원 기준 약 27,750,000원)로 보수적 진입. 손절 기준은 20일 이동평균(53,885원) 대비 3% 하락 시(52,670원)로 설정하여 단기 변동성 대비. 현금 비중 50% 이상 유지하여 추가 기회 대비. 보유 종목 집중도 관리 위해 단일 종목 최대 50% 투자 원칙 적용."
simulation_20260610_173242,2025-02-11,1,A097,2,5,10,0,"딥시크, 스타게이트, 미국 관세, 반도체벨트, 부동산 미분양",0,유지,mixed,buy,1000,limit,55000.0,True,"삼성전자는 단기적으로는 관세 충격과 AI 경쟁 심화로 변동성 확대 예상되나, AI 인프라 투자 확대와 미국 정부 납품 확대로 장기 성장 가능성이 있습니다. 기술적 지표에서 돌파 신호가 확인되면 매수 기회로 삼을 것이며, 손실 시 이성적으로 손절할 계획입니다.",이전 중립적 관점에서 단기 약세 후 점진적 회복 예상으로 조정,"기술적 지표에서 20일 이동평균(53885원) 대비 상승 추세 확인, 단기 약세 후 점진적 회복 시나리오에 부합하는 가격대(55000원)에서 분할 매수 기회 포착. 뉴스상 AI 인프라 투자 확대와 미국 정부 납품 확대 긍정적 영향 반영.",손절 기준은 20일 이동평균(53885원) 대비 2% 하락(52800원)으로 설정. 보유 현금 대비 10% 이상 비중 확대 시 추가 매수 중단. 변동성 확대 시 관망 전략 유지.
simulation_20260610_173242,2025-02-11,1,A088,2,9,10,0,"딥시크, 스타게이트, 녹스, 관세, 미국 시장",0,유지,mixed,buy,100,limit,55700.0,True,"삼성전자는 트럼프 관세 정책에서 상대적으로 방어적 포지션을 유지하며, 미국 공공시장 진출과 AI 생태계 참여로 장기적 성장 동력을 확보하고 있다. 단기적으로는 중립적이나, 밸류에이션과 성장성 측면에서 긍정적 전망을 유지한다.",이전 중립적 관점에서 관세 대응 능력과 AI 생태계 참여로 인해 방어적 매수 관점으로 전환되었다.,"뉴스에서 언급된 미국 현지 생산을 통한 관세 영향 최소화와 공공시장 진출 성과(시카고 경찰청 공급), AI 생태계 참여(스타게이트) 등 긍정적 요인이 밸류에이션 중립적 저평가 구간(55,700원, 5일 이동평균 54,380원 상회)에서 방어적 매수세를 지지합니다. 과거 성과가 낮으나 PE/PB 등 가치평가 지표와 내재가치 분석을 기반으로 이성적인 판단을 할 수 있는 보수적 투자자로서, 단기 변동성 확대 시 불필요한 매매를 자제하고 장기 보유를 선호합니다.","매수 수량은 가용 현금(100,000,000원)의 10%(10,000,000원)로 제한하여 과도한 노출을 방지하고, 손절 기준은 5% 하락(52,915원) 시로 설정하여 손실 가능성을 관리합니다. 현금 비중 90% 유지로 유동성 확보 및 추가 정보 수집 기회를 확보합니다."
simulation_20260610_173242,2025-02-12,2,A007,0,3,0,0,,,,mixed,buy,895,limit,55800.0,True,"향후 1개월 시장은 중립적 흐름을, 밸류에이션은 중립적 수준을 유지할 것으로 예상됩니다. HBM 관련 기술 경쟁력 우려는 있으나 AI 모멘텀과 긍정적 뉴스로 균형을 이루며, 거시경제와 시장 심리가 혼재된 상황에서 단기 관망이 적절합니다.","이전 Belief 대비 큰 변화가 없으며, HBM 관련 우려를 AI 모멘텀으로 상쇄하여 중립적 관점을 유지합니다.","AI 모멘텀과 HBM 기술 경쟁력 우려를 고려한 중립적 밸류에이션 수준에서 저평가 기회를 포착하기 위해 매수. 시장 심리 중립, 거시경제 혼재 상황을 고려하여 보수적 진입.","손절라인 54000원 설정, 현금 비중 50% 이상 유지, 단일 거래 현금 비율 50% 이내 준수"
simulation_20260610_173242,2025-02-12,2,A050,0,3,0,0,,,,mixed,hold,0,market,0,False,"삼성전자는 단기 기술적 반등 가능성이 있으나, 20일선 저항 테스트와 뉴스 해석 한계로 관망 필요. 중장기적으로는 HBM 기술 우위와 AI 수요로 긍정적 전망.","이전에는 5일선 위에서 20일선 저항을 테스트하며 단기 상승 가능성을 높게 평가했으나, 뉴스 해석 능력 부족과 단기 관망 심리를 반영해 보다 신중한 전망으로 조정.","현재 5일선 위에서 20일선 저항을 테스트 중이며, 55,000원 이상 돌파 시 상승 추세 전환 가능성이 있으나, 단기 과열 우려와 뉴스 해석 능력 부족으로 관망 심리가 우세합니다. 보유 현금 72,145,822원 중 50% 이내 매수 가능 금액(36,072,911원)을 고려했으나, 단기 관망 심리 반영 시 추가 매수 유보.","단기 관망 심리 지속 시 현금 비중 유지. 20일선 저항 테스트 실패 시 단기 하락 가능성에 대비해 보유 현금 72,145,822원 중 50% 이상(36,072,911원) 현금 보유 유지. 손실 발생 시 이성적으로 손절 원칙 준수."
simulation_20260610_173242,2025-02-12,2,A052,1,4,10,0,,,,mixed,hold,0,market,0,False,"향후 1개월 시장은 횡보할 것으로 예상되며, 밸류에이션은 상승 여력이 제한적입니다. 거시경제는 수출 부정적 영향과 AI 기대감 혼재, 시장 심리는 중립적입니다. 뉴스는 혼재된 신호로 단기 관망, 중장기 긍정적 전망입니다.","이전에는 횡보와 긍정적 심리 혼재 예상, 현재는 HBM 기술 우려 추가 반영으로 단기 중립적 관점 강화","현재 가격이 5일 이동평균선(54,960원) 대비 약 1.5% 높은 수준으로 밸류에이션 상 상승 여력이 제한적이며, 단기 횡보 국면이 지속될 가능성이 높습니다. HBM 기술에서 중국의 빠른 추격에 대한 우려가 하방 압력으로 작용하고, 단기 거래량 증가가 지속되지 않을 경우 상승 모멘텀 상실 가능성이 있습니다. 포트폴리오 내 현금 비중이 약 50%로 균형 잡혀 있으나, 단기 관망 후 조정 시 매수 기회를 노리는 것이 적절합니다.","단기 횡보 국면에서의 과도한 매수 회피, 현금 비중 50% 유지, 손실 가능성 관리 위해 추가 매수 없이 관망. 현재 보유 주식은 평균 매수 단가 55,600원 대비 소폭 상승(55,700원) 상태이나, 추가 상승 여력 제한으로 매도보다는 보유 유지하며 단기 조정 시 추가 매수 기회 대기."
simulation_20260610_173242,2025-02-12,2,A006,1,4,10,0,,,,mixed,hold,0,market,0,False,"AI 특화 OLED TV 출시와 한미일 AI 협력, 퓨리오사AI 인수 논의 등 긍정적 요인이 있으나 HBM 기술에서 중국의 추격과 트럼프 관세 리스크로 단기 관망세가 지속될 전망이다. 중장기적으로는 AI 생태계 강화 소식에 기대감을 가질 수 있다.","이전에는 AI 기대감 혼재로 중립적~약세 전망이었으나, AI TV 출시와 한미일 협력, AI 칩 스타트업 인수 논의 등 긍정적 요인이 추가되어 단기 관망 후 중장기 반등 가능성으로 시각이 조정되었다.","AI 특화 OLED TV 출시와 한미일 AI 협력 등 긍정적 요인이 있으나, 5일선 대비 고평가 상태(54,960원)와 HBM 기술에서 중국의 추격 우려, 트럼프 관세 리스크로 단기 관망세가 지속될 전망이다. 현재 보유 중인 200주(평균 매수 단가 55,600원, 현재가 55,700원)의 미실현 손익은 +20,000원으로 소폭 상승했으나, 단기 조정 가능성이 있어 추가 매수보다는 관망하는 것이 적절하다.","단기 변동성(20일 기준 1.69%)과 5일선 대비 고평가 상태를 고려하여 추가 매수를 보류하고, 보유 중인 200주를 유지하며 현금 88,878,332원을 보존한다. HBM 기술 격차 축소와 트럼프 관세 정책 등 하방 리스크를 모니터링하며, 20일선(53,870원) 근처로 조정 시 매수 기회를 재검토한다."
simulation_20260610_173242,2025-02-12,2,A053,0,2,0,0,,,,mixed,buy,500,limit,55800.0,True,"AI 및 디스플레이 협력 강화로 중장기 성장 기대감이 높아졌으나, 중국 HBM 경쟁 심화와 관세 리스크로 단기 변동성 확대 가능성이 있다. 적정 위험 수준에서 매수 기회를 모색하되, 신중한 접근이 필요하다.","이전에는 수출 회복과 AI 수요 추이를 관망하며 변동성 확대 가능성을 고려했으나, AI 협력 소식으로 중장기 성장 기대감이 강화되어 매수 기회로 전환되었다.","AI 및 디스플레이 협력 강화로 중장기 성장 기대감이 높아졌으며, 현재 밸류에이션이 소폭 프리미엄 상태임에도 적정 위험 수준에서 매수 기회로 판단됨. 단기 기술적 신호가 중립적이지만, HBM 경쟁 심화와 관세 리스크로 단기 변동성 확대 가능성이 있어 보수적으로 매수.","매수 수량을 가용 현금의 50% 이내로 제한하고, 500주(27,900,000원) 매수로 현금 비중 52.2% 유지. 손절 기준은 5% 하락(53,006원) 또는 10% 하락(50,220원)으로 설정하여 단기 변동성 대비. 보유 종목 없이 현금 100,000,000원 보유 상태에서 첫 매수로 포트폴리오 분산 시작."
simulation_20260610_173242,2025-02-12,2,A056,1,4,10,0,,,,mixed,buy,2000,limit,55700.0,True,"삼성전자는 AI 기술 발전과 글로벌 협력 강화로 중장기 긍정적 전망이 우세하며, 현재 밸류에이션은 저평가 상태입니다. HBM 분야의 중국 추격 우려는 있으나, AI 사업 확대와 AI 칩 설계 역량 강화로 성장 가능성이 높아 매수 기회로 판단합니다.","이전 Belief 대비 HBM 기술 경쟁력에 대한 우려가 추가되었으나, AI 사업 확대와 글로벌 협력 강화로 장기 긍정적 전망은 유지됨.","AI·반도체 수요 회복과 글로벌 협력 강화로 중장기 상승세 지속 전망, PBR 1.2x, PER 8.5x로 역사적 평균 대비 저평가 상태, 내재가치 대비 15% 할인된 매수 기회. 외국인 매수세와 기술적 지표(5일 이동평균 위)로 시장 심리 개선 추세. HBM 분야 중국 추격 우려는 있으나 AI 사업 확대와 AI 칩 설계 역량 강화로 성장 가능성 높음. 현재 보유 현금 500,017,514원 중 2000주(약 111,400,000원) 매수로 현금 비중 조절 및 추가 매수 여력 확보.","매수 후 현금 비중 50% 이상 유지, 보유 수량 8,975주 + 2,000주 = 10,975주로 집중도 관리, 지정가 매수로 단기 변동성 회피, 손절 기준 5% 하락(52,915원) 설정, 추가 매수 기회 대비 현금 388,617,514원 유지"
simulation_20260610_173242,2025-02-12,2,A065,0,5,0,0,,,,mixed,hold,0,market,0,False,"단기적으로는 관망세가 지속되나, HBM 기술 우위와 AI OLED TV 출시 등 긍정적 모멘텀이 1개월 내 상승 전환을 이끌 것으로 전망. 밸류에이션은 중립 수준이며, 거시경제는 안정적이나 코스닥 개미 매도는 시장 심리를 다소 위축시킴.","이전에는 단기 긍정적 모멘텀에 더 집중했으나, 오늘은 부정적 요인(코스닥 개미 매도)을 고려해 중립적 관망세로 조정. 중장기 긍정적 전망은 유지.","현재 주가는 5일·20일 이동평균을 소폭 상회하며 중립적인 밸류에이션 구간에 위치해 있습니다. HBM 기술 우위와 AI OLED TV 출시 등 긍정적 모멘텀이 있으나, 코스닥 개미 매도와 외인 울상으로 시장 심리가 혼재되어 있어 단기 관망세가 지속되고 있습니다. 뉴스 깊이 제한으로 세부 내용을 확인하지 못해 과도한 추론을 자제하며, 단기 거래량 증가(7.45%)는 관심도가 상승했음을 시사하지만 명확한 돌파 신호가 미약합니다. 보유 현금 72,145,822원 중 500주 보유로 총 자산 99,995,822원이며, 미실현 손익이 0인 상태입니다. 단기 관망세 유지 중이므로 추가 매수 없이 현 포지션을 유지하며 시장 전환을 관망합니다.","단기 관망세 유지로 추가 리스크를 회피합니다. 보유 현금 비중을 높게 유지하며, 향후 5일·20일 이동평균 대비 추가 상승 여력이 확인되거나 명확한 돌파 신호가 나타날 경우 보수적 매수(100주 이하)를 고려합니다. 현재 포지션의 미실현 손익이 0이므로 손실 리스크는 제한적이나, 코스닥 개미 매도와 외인 울상으로 인한 시장 심리 위축에 대비해 단기 변동성에 주의합니다. 현금/보유 비중은 72% 현금, 28% 주식으로 유지하며, 단일 매수 주문은 max_single_trade_cash(36,072,911원) 및 max_buy_quantity(646주)를 초과하지 않도록 보수적으로 관리합니다."
simulation_20260610_173242,2025-02-12,2,A077,2,4,10,0,,0,유지,mixed,hold,0,market,0,False,"단기적으로는 HBM 기술 격차와 관세 리스크로 관망세가 우세하나, AI 인프라 투자 확대와 신제품 출시 기대감이 중장기 상승 모멘텀을 제공할 것으로 판단됩니다. 현재 밸류에이션은 20일 이동평균 대비 고평가 상태이나, AI 반도체 생태계 강화는 긍정적 요인으로 작용할 것입니다.","이전 Belief 대비 HBM 기술 격차에 대한 우려가 추가되어 단기 부정적 영향이 강조되었으나, AI 제품 출시와 정부 AI 예산 투입으로 중장기 긍정적 전망은 유지되었습니다. HBM 대응 전략에 대한 추가 정보가 필요합니다.","단기적으로 HBM 기술 격차와 관세 리스크로 관망세가 우세하나, AI 인프라 투자 확대와 신제품 출시 기대감이 중장기 상승 모멘텀을 제공할 것으로 예상됩니다. 현재 주가는 20일 이동평균 대비 고평가 상태이며, HBM 대응 전략에 대한 구체적 정보가 부족하여 단기 변동성 관리가 제한적입니다. 보유 현금 72,245,838원과 500주(평균 매수 단가 55,500원, 현재가 55,700원)를 보유한 상태에서 단기 관망세를 유지하며 추가 정보를 수집하는 것이 적절합니다.","단기 관망세 유지, 현금 비중 72% 유지, 추가 매수 시 max_single_trade_cash_ratio(50%) 및 max_buy_quantity(647주) 제약 준수, 손실 발생 시 이성적인 손절 원칙 적용, 보유 종목 집중도 관리"
simulation_20260610_173242,2025-02-12,2,A088,2,5,10,0,,0,유지,mixed,hold,0,market,0,False,"삼성전자는 HBM 기술 격차 해소와 AI 생태계 강화로 중장기 성장 동력을 확보하나, 단기적으로는 트럼프 관세 정책과 중국 D램 점유율 상승으로 인한 하방 압력이 존재한다. AI 특화 OLED TV 출시와 글로벌 협력 소식은 긍정적이나, 보수적 투자자로서 추가 정보 확인 후 관망할 필요가 있다.","이전에는 트럼프 관세 정책에서 방어적 포지션을 유지하며 긍정적 전망을 유지했으나, HBM 기술 격차와 중국 CXMT의 D램 점유율 상승 등 구체적 경쟁 압박 요인이 추가되어 단기 전망이 다소 보수적으로 조정되었다.","HBM 기술 격차 해소 전략과 중국 CXMT의 D램 점유율 상승에 대한 하방 압력이 지속되고 있으며, 단기 변동성 확대 가능성이 높은 중립적~약세 분위기입니다. 현재 주가가 평균 매수 단가 대비 소폭 상회하고 있어 추가 하락 시 매수 기회를 관망하는 것이 바람직합니다. AI 관련 긍정적 소식(AI OLED TV 출시, AI 삼각편대 협력, 메타의 퓨리오사AI 인수 논의)은 중장기 성장 동력으로 작용할 수 있으나, 단기 투자 관점에서는 보수적으로 관망하는 것이 적절합니다.","단기 하방 리스크(HBM 기술 격차, 중국 D램 점유율 상승, 트럼프 관세 정책)에 대비하여 추가 매수 없이 현금 비중을 유지하며 관망합니다. 보유 중인 100주는 평균 매수 단가 55,700원 대비 현재가 55,800원으로 소폭 상승했으나, 단기 변동성 확대 가능성을 고려하여 추가 매수 없이 포지션을 유지합니다. 손실 발생 시 이성적인 손절을 원칙으로 하며, 현금 94,429,164원을 활용하여 향후 추가 하락 시 매수 기회를 포착할 수 있도록 준비합니다."
simulation_20260610_173242,2025-02-12,2,A097,2,4,10,0,,0,유지,mixed,buy,500,limit,55900.0,True,"삼성전자는 단기적으로는 HBM 기술 경쟁과 관세 리스크로 변동성 확대가 예상되나, AI OLED TV 출시와 글로벌 AI 협력 강화로 중장기 성장 가능성이 있습니다. 기술적 분석을 기반으로 돌파 신호 시 매수, 하락 추세 시 손절하는 전략을 유지할 것입니다.","이전 Belief 대비 HBM 기술 경쟁 구도에 대한 우려가 추가되었으나, AI 사업 성장 모멘텀에 대한 긍정적 전망은 유지되었습니다.","AI OLED TV 출시와 글로벌 AI 삼각편대 협력 강화, 메타의 퓨리오사AI 인수 논의 등 긍정적 모멘텀과 20일 이동평균(53,870원) 대비 상승 추세(55,800원)를 고려하여 돌파 신호 발생 시 매수 기회로 활용. 현재 보유 현금 944,991,750원 중 500주(약 279,500,000원) 매수로 현금 비중 조절 및 추가 상승 여력 확보.","손절 기준은 20일 이동평균(53,870원) 대비 2% 하락 시(52,726원)로 설정. 보유 현금 대비 50% 이상 단일 거래 제한(max_single_trade_cash 472,495,875원 준수). 현재 포트폴리오에서 현금 비중 47.9%, 주식 비중 52.1%로 균형 유지. HBM 기술 경쟁과 관세 리스크 등 단기 하방 압력 고려, 추가 매수 시 2차 손절선(52,000원) 설정."
simulation_20260610_173242,2025-02-13,3,A007,0,1,0,0,,,,positive,hold,0,market,0,False,"향후 1개월 시장은 중립적 흐름을 유지할 것으로 예상되며, 밸류에이션은 HBM 우려에도 AI 모멘텀으로 균형을 이루고 있습니다. 거시경제는 혼재된 상황이나 지배구조 개선 뉴스로 시장 심리가 다소 낙관적입니다. 내재가치와 성장성을 고려하되, 과거 투자 성과가 낮아 단기 변동성에 대한 경계는 유지할 것입니다.","이전 Belief 대비 시장 심리 관점에서 긍정적 신호가 추가되었으며, 밸류에이션 판단에서 HBM 우려를 AI 모멘텀으로 상쇄하는 균형적 시각이 강화되었습니다.","지배구조 개선 및 AI 모멘텀으로 인한 긍정적 신호가 있으나, 과거 투자 성과가 낮고 단기 변동성에 대한 경계가 필요하며, 현재 밸류에이션이 중립적이고 HBM 우려가 상존하여 보수적으로 관망하기로 결정했습니다.","단기 변동성에 대비해 현금 비중을 50% 이상 유지하고, 보유 주식 895주에 대한 추가 매수 없이 현재 포지션을 유지하며, 향후 시장 흐름 변화에 따라 점진적으로 대응할 계획입니다."
simulation_20260610_173242,2025-02-13,3,A050,0,1,0,0,,,,positive,buy,200,limit,55850.0,True,"삼성전자는 단기 기술적 반등 가능성이 있으나, 중장기적으로는 AI 수요 증가와 HBM 기술 우위로 긍정적 전망입니다. 현재 밸류에이션은 5일선 위에서 20일선 근접 상태로, 긍정적 뉴스로 인한 단기 상승 모멘텀 형성이 기대됩니다.","이전에는 관망 필요 입장이었으나, 긍정적 뉴스와 기술적 반등 신호를 종합해 단기 매수 기회로 전환함.","단기 기술적 반등 구간(5일선 위에서 20일선 근접)과 긍정적 뉴스(이사회 의장 교체)로 인한 단기 모멘텀 형성 기대. 현재 현금 비중(72,145,822원)이 있어 추가 매수 여력 확보. 보유 주식 평균 단가(55,700원) 대비 소폭 상승 시 매수로 단기 수익 실현 가능.","손절 기준은 5일선(55,320원) 아래로 떨어질 경우 200주 전량 매도. 현재 보유 주식(500주) 대비 추가 매수 비중 200주로 제한하여 포트폴리오 집중도 관리. 현금 비중 72% 유지로 유동성 확보 및 추가 기회 대비."
simulation_20260610_173242,2025-02-13,3,A052,1,3,10,0,,,,mixed,buy,2000,limit,55850.0,True,"삼성전자는 AI 및 클라우드 사업 확장 소식에 힘입어 중장기 긍정적 전망이 우세하나, 단기 기술적 지표는 중립적 횡보 국면입니다. 신임 의장 유력 소식은 기업 지배구조 개선 기대감을, 러시아 시장 재진입 어려움은 단기 부정적 요인으로 작용할 수 있습니다.","이전에는 횡보 예상이었으나, AI 솔루션 개발 및 신임 의장 소식에 따라 중장기 긍정적 전망으로 상향 조정됨","AI 기반 공급망 관리 솔루션 개발 및 SRM SaaS 글로벌 계약 체결 소식으로 기술적 관점에서 긍정적 신호 확인. 신임 의장 유력 소식은 중장기 긍정적 전망 강화. 현재 5일 이동평균선 대비 2.4% 프리미엄에서 횡보 중이며, 55,850원 돌파 시 매수 기회로 판단. 보유 현금 500,915,148원 중 2000주 매수 시 약 111,700,000원 소요(수수료 포함), 가용 현금 50% 미만 사용.","매수 후 현금 비중 50% 이상 유지, 보유 주식 비중 50% 이하 유지. 손절 기준은 55,500원(20일 이동평균선) 이하로 설정, 변동성 확대 시 추가 매수 자제. 단기 기술적 돌파 신호 확인 시 추가 매수 검토."
simulation_20260610_173242,2025-02-13,3,A006,1,3,10,0,,,,positive,buy,100,limit,55800.0,True,"AI 관련 호재와 SRM SaaS 개발 소식에 힘입어 단기 상승 가능성이 높으나, 러시아 시장 리스크와 중국 경쟁 심화로 단기 관망세가 지속될 전망이다. 기술적 지표와 추세를 중시하나 과거 성과가 낮아 신중한 접근이 필요하다.","이전에는 HBM 기술에서 중국의 추격과 트럼프 관세 리스크로 단기 관망세가 지속될 것으로 전망했으나, AI 기반 공급망 관리 솔루션 개발 및 SRM SaaS 글로벌 계약 체결 소식이 추가되어 단기 매수 기회로 전환되었다.","AI 기반 공급망 관리 솔루션 개발 및 SRM SaaS '케이던시아' 글로벌 계약 체결 소식에 따른 단기 상승 모멘텀과 온디바이스 AI 열풍 수혜 기대감이 긍정적 영향을 미치고 있으며, 5일선 대비 고평가, 20일선 대비 상승 추세로 단기 매수 기회로 판단된다. 현재 보유 현금 88,878,332원과 200주 보유 상태에서 추가 매수를 통해 평균 단가를 낮추고, 향후 단기 상승 시 이익 실현을 위한 포지션을 구축한다.","매수 수량은 가용 현금의 10% 이내(8,887,833원)로 제한하여 과도한 레버리지 방지, 보유 비중은 총 자산의 10% 이내로 유지, 손절 기준은 20일 이동평균(53,895원) 대비 3% 하락 시로 설정하여 단기 변동성 리스크 관리"
simulation_20260610_173242,2025-02-13,3,A053,0,2,0,0,,,,mixed,hold,0,market,0,False,"지배구조 개선과 AI·디스플레이 협력 강화로 중장기 성장 기대감이 높아졌으나, 중국 HBM 경쟁 심화와 관세 리스크로 단기 변동성 확대 가능성이 있다. 현재 밸류에이션은 소폭 프리미엄 상태이지만 중장기 성장 잠재력을 반영한 적정 수준으로 판단되며, 단기 기술적 중립 신호와 상충되는 뉴스 영향으로 관망세를 유지할 가능성이 높다.","이전 Belief 대비 지배구조 개선 뉴스의 긍정적 영향이 더 크게 반영되어 중장기 성장 기대감이 상승했으나, 중국 경쟁 심화 뉴스로 인해 단기 변동성 확대 가능성에 대한 우려가 추가되어 중립적 관망세가 강화되었다.","중국 HBM 경쟁 심화와 관세 리스크로 단기 변동성 확대 가능성이 높아 관망세가 지속되고 있으며, 현재 밸류에이션은 중장기 성장 기대감을 반영한 적정 수준이지만 단기 과열 가능성도 존재합니다. 단기 기술적 중립 신호와 상충되는 뉴스 영향으로 명확한 매수/매도 신호를 포착하기 어려워 기존 포지션 유지 및 관망 전략이 적절합니다.","단기 변동성 확대에 대비해 현금 비중을 72% 이상 유지하며, 추가 매수 시 max_single_trade_cash_ratio(50%)를 준수해 36,047,907원 이하로 제한합니다. 보유 주식은 500주로 유지하며, 손실 발생 시 10% 이상 하락 시 부분 매도(50주)를 고려합니다. 현재 포트폴리오 총 자산 대비 현금 비중 72.1%로 안정적인 리스크 관리가 가능합니다."
simulation_20260610_173242,2025-02-13,3,A056,1,3,10,0,,,,positive,buy,3481,limit,55800.0,True,"삼성전자는 AI·반도체 수요 회복과 글로벌 협력 강화로 중장기 상승세 지속 전망이며, PBR 1.2x, PER 8.5x로 역사적 평균 대비 저평가 상태입니다. 외국인 매수세와 기술적 지표 개선으로 시장 심리가 개선되고 있으며, AI 기반 공급망 관리 솔루션 개발과 SRM SaaS '케이던시아' 글로벌 계약 체결로 성장성이 강화되었습니다. 신제윤 前금융위원장 의장 선임으로 경영 안정성도 향상될 것으로 기대됩니다.",이전 Belief 대비 AI·클라우드 기반 성장 기반 강화와 경영 안정성 향상에 대한 긍정적 평가가 추가됨,"AI·반도체 수요 회복과 글로벌 협력 강화로 중장기 상승세 지속 전망이며, PBR 1.2x, PER 8.5x로 역사적 평균 대비 저평가 상태입니다. 외국인 매수세와 기술적 지표(5일 이동평균 위)로 시장 심리가 개선되고 있으며, AI 기반 공급망 관리 솔루션 개발 및 SRM SaaS '케이던시아' 글로벌 계약 체결로 성장성이 강화되었습니다. 신제윤 前금융위원장 의장 선임으로 경영 안정성도 향상될 것으로 기대됩니다. 현재 보유 현금 388,600,804원 중 50% 한도 내에서 최대 매수 수량(3481주)을 지정가 55,800원에 매수하여 저평가된 주식을 추가 확보합니다.","매수 후 현금 비중 50% 유지, 보유 주식 비중 50%로 균형 관리. 손절 기준은 5% 하락(52,510원) 시 부분 매도 고려. 지정가 매수로 시장 변동성 리스크 최소화. 처분효과로 인한 조기 매도 방지를 위해 장기 보유 전략 유지."
simulation_20260610_173242,2025-02-13,3,A065,0,1,0,0,,,,positive,buy,300,limit,55850.0,True,"삼성전자는 HBM 기술 우위와 AI OLED TV 출시 모멘텀으로 1개월 내 상승 전환 가능성이 높으며, 밸류에이션은 중립 수준입니다. 거시경제는 안정적이지만 코스닥 개미 매도로 시장 심리가 다소 위축되어 있습니다. 오늘 '이사회 새 의장에 신제윤 前금융위원장 유력' 소식에 단기 긍정적 모멘텀이 기대되며, 기술적 분석을 통한 단기 매매 기회를 포착할 수 있을 것으로 판단됩니다.","이전에는 HBM 기술 우위와 AI OLED TV 출시 모멘텀에 주목했으나, 오늘은 이사회 의장 교체 소식까지 긍정적 요인으로 추가되어 단기 상승 전망이 더욱 강화되었습니다.","5일 이동평균(55,320원) 대비 현재가(55,800원) 상회, 낮은 변동성(1.658%), HBM 기술 우위 및 AI OLED TV 출시 모멘텀, 이사회 의장 교체 소식에 따른 단기 긍정적 모멘텀을 종합적으로 고려하여 기술적 돌파 신호 발생 시 상승 가능성이 높다고 판단. 현재 보유 현금 72,145,822원 중 300주 매수 시 약 16,755,000원(23.2%) 사용, max_single_trade_cash(36,072,911원) 및 max_buy_quantity(646주) 이내.","매수 후 현금 비중 76.7% 유지, 보유 주식 비중 23.3%로 분산 유지. 손절라인은 55,500원(-0.54%)으로 설정하여 단기 변동성 대비 손실 제한. 추가 매수 시 5일 이동평균 대비 1% 이상 상승 시 추가 진입 고려."
simulation_20260610_173242,2025-02-13,3,A077,2,3,10,0,"신제윤, AI 공급망 관리, 러시아 시장, 교대역 땅 매각, 국정협의회, HBM, 메모리 반도체, IP 협력",0,유지,mixed,buy,300,limit,55850.0,True,,,"AI·로봇 관련 긍정적 모멘텀과 반도체 업황 개선 기대감이 단기 상승 압력으로 작용하고 있으며, 현재 주가가 5일 이동평균(55,320원) 위에서 거래되고 있어 기술적 매수 신호로 판단됩니다. 또한, 20일 이동평균(53,895원) 대비 약 3.2% 높은 수준으로 중기적 상승 여력이 있습니다. 포트폴리오 내 현금 비중(72,245,838원)이 충분하고, 현재 보유 수량(500주)에 추가 매수 시 max_buy_quantity(647) 및 max_single_trade_cash(36,122,918.75원) 제약을 준수합니다.","매수 후 현금 비중이 50% 이하로 떨어지지 않도록 관리하며, 손절 기준은 평균 매수 단가(55,500원) 대비 2% 하락(54,390원) 시로 설정합니다. 단기 모멘텀에 따른 매수이지만, 중장기 밸류에이션 확인 전에는 추가 매수 없이 현재 포지션 유지. 거래량 감소(-0.15%)와 러시아 시장 경쟁 심화 리스크를 고려하여 과도한 레버리지 사용 금지."
simulation_20260610_173242,2025-02-13,3,A088,2,6,10,0,"AI 공급망 관리, 신제윤 의장, 러시아 시장 리스크, 교대역 매각, 케이던시아",0,유지,mixed,hold,0,market,0,False,"삼성전자는 AI 협업과 지배구조 개선으로 중장기 성장 동력이 강화되었으나, 단기적으로는 트럼프 관세와 중국 D램 점유율 상승으로 하방 압력이 존재한다. 밸류에이션은 중립적 저평가 구간에 위치하며, 보수적 투자자로서 추가 정보 확인 후 관망할 필요가 있다.","이전 Belief 대비 AI 협업과 지배구조 개선에 대한 긍정적 해석이 강화되었으나, 러시아 시장 리스크와 자산 매각 소식에 대한 신중한 태도는 유지됨.","보수적 투자자 관점에서 단기 하방 압력(트럼프 관세, 중국 D램 점유율 상승, 러시아 리스크, 자산 매각 소식)과 거래량 감소(-15.06%)로 관망세가 우세합니다. 밸류에이션은 중립적 저평가 구간이지만, 단기 변동성 확대 가능성(20일 변동성 1.658%)과 과거 투자 성과 저조(0.01%)를 고려할 때 추가 정보 확인 후 관망하는 것이 적절합니다. 현재 보유 중인 100주(평균 55,700원, 현재가 55,800원)는 미실현 손익 +10,000원으로 소폭 수익 상태이나, 단기 리스크 요인을 감안해 추가 매수 없이 보유를 유지합니다.","손절 기준은 -5%(-2,790원) 이하로 설정하며, 현금 비중 94.4%를 유지해 단기 변동성 대비 유동성을 확보합니다. 보유 주식 비중은 5.6%로 제한하며, 추가 매수 시 max_single_trade_cash_ratio(50%)를 준수해 47,214,582원 이하로만 거래합니다. 단기 리스크 요인(트럼프 관세, 중국 D램 점유율)에 대한 모니터링 강화 및 러시아 시장 리스크 관련 뉴스 추가 확인 후 재진입 여부를 판단합니다."
simulation_20260610_173242,2025-02-13,3,A097,2,3,10,0,"신제윤, 러시아 시장, 교대역 부지, AI 공급망, 케이던시아",0,유지,mixed,buy,1000,limit,55800.0,True,"삼성전자는 AI·클라우드 사업 확대와 신제윤 의장 선임으로 중장기 성장 가능성이 있으나, 러시아 시장 재진입 어려움과 부동산 개발 지연 리스크가 존재합니다. 단기 기술적 상승 추세를 유지하며, 돌파 신호 시 매수 기회를 노리되 하락 추세 시 손절 기준을 엄격히 적용할 계획입니다.","이전 Belief 대비 신제윤 의장 선임 소식이 추가되어 긍정적 요소가 강화되었으나, 러시아 시장 리스크와 부동산 매각 지연 가능성은 여전히 존재합니다. 기술적 분석 기반의 매매 전략은 유지하되, 추가 호재에 대한 기대감은 상승했습니다.","단기 기술적 돌파 신호(55,800원) 확인 및 AI·로봇 모멘텀, 신제윤 의장 선임 호재로 단기 상승 여력 기대. 현재 20일 이동평균 대비 상승, 5일 이동평균 상회, 변동성 안정적. 거래량 소폭 감소(-0.15%)로 추세 약화 우려 있으나, 돌파 신호 지속 시 추가 상승 가능성. 보유 현금 917,037,558원 중 50% 미만(458,518,779원 한도) 내에서 보수적 매수 진행.","손절 기준 55,300원(평균 매수 단가) 설정. 추가 매수 시 평균 매수 단가 상승 고려. 현금 비중 15% 유지 및 단기 모멘텀 소진 시 이익 실현 계획. 고위험 고수익 기회 선호 성향 고려하여 단일 거래 현금 비율 50% 이내로 제한."
simulation_20260610_173242,2025-02-14,4,A050,0,1,0,0,,,,mixed,buy,300,limit,55950.0,True,"삼성전자는 단기 기술적 반등 가능성이 있으나, 반도체 보조금 재협상 검토로 인한 불확실성으로 단기 하락 리스크가 존재합니다. 중장기적으로는 AI 수요 증가와 HBM 기술 우위로 긍정적 전망이 유지되며, 고환율과 고유가로 인한 경기 하방 압력 속에서도 시장 심리는 혼재되어 있습니다.","이전에는 단기 반등 가능성에 더 초점을 맞췄으나, 오늘은 반도체 보조금 재협상 검토로 인한 단기 하락 리스크를 추가로 고려하여 보다 신중한 접근이 필요하다고 판단했습니다.","단기 기술적 반등 가능성(5일선 위에서 20일선 근접, 거래량 증가)과 AI 수요 증가, HBM 기술 우위로 인한 중장기 상승 모멘텀 유지. 현재 가격이 5일선 위에서 20일선에 근접하여 단기 상승 모멘텀 형성 기대감이 있으나, 반도체 보조금 재협상 검토로 인한 단기 하락 리스크가 혼재되어 있어 보수적 매수 진행.","매수 수량을 가용 현금(60,974,147원)의 50% 미만(15,000,000원)으로 제한하여 과도한 레버리지 방지. 지정가 55,950원으로 설정하여 단기 반등 시 매수 기회 확보. 보유 현금 비중 45% 유지 및 단기 하락 리스크 대비 손절 기준 설정(5일선 하향 돌파 시)."
simulation_20260610_173242,2025-02-14,4,A007,0,1,0,0,,,,mixed,buy,446,limit,56000.0,True,"향후 1개월 시장은 중립적 흐름을 유지할 것으로 예상되며, HBM 우려에도 AI 모멘텀으로 균형을 이룬 밸류에이션 수준에서 저평가 기회를 탐색할 것입니다. 거시경제는 고환율과 고유가로 혼재된 상황이나 지배구조 개선 뉴스로 시장 심리가 다소 낙관적이며, 반도체 보조금 재협상 검토 소식에 대해서는 균형 잡힌 판단을 유지하며 관망할 것입니다.","이전 Belief 대비 시장 방향에 대한 중립적 전망은 유지되나, HBM 기술 경쟁력 우려를 고려한 밸류에이션 균형 인식이 강화되었고, 거시경제 혼재 상황에 대한 경계심이 다소 증가했습니다.","AI 모멘텀과 HBM 기술 경쟁력에 기반한 균형 잡힌 밸류에이션 기회 포착. 5일 이동평균선(55,780원) 대비 소폭 상승한 56,000원 수준에서 중립적 저평가 기회 확인. 현재 보유 현금 50,051,509원 중 50% 한도(25,025,754원) 내에서 최대 매수 수량(446주) 주문. PE/PB 등 가치평가 지표와 내재가치, 성장성 기반 균형 잡힌 판단 유지.","매수 후 현금 비중 50% 유지, 보유 주식 비중 50% 유지. 손절 기준: 5일 이동평균선(55,780원) 대비 2% 하락 시(54,684원) 부분 매도 고려. 추가 변동성 확대 시 관망하며 과도한 포지션 확대 자제."
simulation_20260610_173242,2025-02-14,4,A052,1,6,10,0,,,,mixed,buy,2000,limit,55800.0,True,"단기 부정적 뉴스로 시장 심리가 위축되나, AI/CXL 테마 강세와 중장기 성장 전망으로 점진적 회복 예상. 기술적 지표는 중립적 횡보 국면이며, 밸류에이션은 현재 수준에서 안정적.","이전에는 중장기 긍정적 전망에 집중했으나, 오늘은 단기 부정적 뉴스의 영향을 더 고려하여 단기 조정 가능성을 추가 반영함","단기 부정적 뉴스로 인한 시장 심리 위축과 5일 이평 대비 2.4% 프리미엄으로 단기 조정 가능성이 있으나, AI/CXL 테마 강세와 20일 이평 상승 추세로 중장기 회복 전망이 우세합니다. 현재 보유 주식은 평균 매수 단가 55,646원 대비 소폭 손실 상태이며, 현금 389,198,394원 중 2000주 매수 시 약 111,600,000원(수수료 포함)이 소요되어 가용 현금의 28.9%를 사용합니다. 이는 max_single_trade_cash(194,599,196.75원) 이내로 보수적 매수이며, 단기 조정 시 매수 기회로 활용하기 위함입니다.","단기 조정 시 추가 매수 가능성을 열어두기 위해 가용 현금의 30% 이내로 매수하고, 보유 주식 비중을 20% 이상 유지합니다. 손절 기준은 5일 이평(55,780원) 대비 1% 하락인 55,222원으로 설정하여 단기 변동성에 대비합니다. 미국 보조금 재협상 및 상호관세 리스크에 대한 모니터링을 지속하며, 필요 시 현금 비중을 40% 이상으로 유지하여 하방 리스크를 헤지합니다."
simulation_20260610_173242,2025-02-14,4,A006,1,6,10,0,,,,mixed,buy,200,limit,55900.0,True,"미국 보조금 재협상 리스크와 고환율·고유가 부담이 있으나, 온디바이스 AI 테마 강세와 기관·외국인 순매수로 단기 상승 모멘텀은 유지될 전망이다. 기술적 지표상 5일선 대비 고평가이나 20일선 대비 상승 추세로 단기 매수 기회로 판단되며, 과거 성과가 낮아 신중한 접근이 필요하다.","이전에는 AI 호재와 SRM SaaS 소식에 따른 단기 상승 가능성에 집중했으나, 현재는 미국 보조금 재협상 리스크와 상호관세 가능성을 추가로 고려하여 보다 신중한 관점으로 변화했다.","온디바이스 AI 테마 강세와 기관·외국인 순매수 지속으로 단기 상승 모멘텀 유지. 5일선 대비 고평가 상태이지만 20일선 대비 상승 추세로 단기 매수 기회. 평균 매수 단가 55,667원 대비 소폭 상승 중이며 추가 매수 여력이 있는 상황. 현재 보유 현금 83,297,495원 중 30,600,000원(36.7%)을 사용해 200주 매수.","미국 보조금 재협상 리스크와 상호관세 부과 가능성을 고려하여 단기 매수로 접근. 추가 매수 시 평균 단가 조절을 위해 55,900원 이하 limit 주문 설정. 보유 현금 대비 36.7% 사용, 총 보유 수량 500주로 분산. 손절 기준은 5일선(55,780원) 아래로 하락시 10% 매도 고려."
simulation_20260610_173242,2025-02-14,4,A053,0,1,0,0,,,,mixed,hold,0,market,0,False,"향후 1개월 시장은 반도체 업황 회복과 AI·디스플레이 협력 강화로 상승 모멘텀이 지속될 전망이지만, 중국 HBM 경쟁 심화와 관세 리스크로 단기 변동성 확대 가능성이 있어 중립적 흐름을 예상한다. 현재 밸류에이션은 소폭 프리미엄 상태이나 중장기 성장 잠재력을 반영한 적정 수준으로 판단되며, 시장 심리는 관망세가 우세하고 거시경제 환경은 중립적이다.","이전 Belief 대비 시장 방향, 밸류에이션, 거시경제, 시장 심리, 뉴스 해석 모두 중립적 관점으로 유지되었으며, 큰 변화 없이 기존 판단을 지속한다.","현재 보유 중인 500주(평균 매수 단가 55,800원, 현재가 55,800원)의 포지션이 중립적이며, 단기 기술적 신호와 상충되는 뉴스 영향으로 관망세가 우세합니다. PE/PB 등 가치평가 지표와 내재가치 관점에서 현재 주가가 저평가 상태인지 판단하기에는 정보가 부족하고, 중국 HBM 경쟁 심화 및 관세 리스크로 단기 변동성 확대 가능성이 있어 추가 매수보다는 관망이 적절합니다.","단기 변동성에 크게 반응하지 않는 성향이지만, 보유 현금 72,095,815원 대비 주식 포지션 비중이 50.0%로 높은 편이므로 추가 매수 없이 관망하여 현금 비중을 유지합니다. 손실 가능성은 단기 변동성 확대에 따른 가격 하락 시 발생하며, 현재 포지션이 중립적이므로 추가 리스크 노출을 최소화합니다. 보유 주식 전량 매도 시 2,850,000원(500주 × 56,000원)의 현금 유입이 예상되며, 이는 포트폴리오 재조정에 활용할 수 있습니다."
simulation_20260610_173242,2025-02-14,4,A065,0,1,0,0,,,,mixed,buy,494,limit,56000.0,True,"삼성전자는 HBM과 AI OLED 모멘텀으로 1개월 내 상승 전환 가능성이 높으며, 밸류에이션은 중립 수준입니다. 거시경제는 안정적이지만 고환율·고유가로 하방 압력이 있고, 시장 심리는 코스닥 매도 영향으로 다소 위축되었으나 단기 긍정적 모멘텀이 기대됩니다. 투자자는 기술적 분석을 기반으로 균형 잡힌 판단을 유지하며, 돌파 신호 발생 시 매수 기회를 포착할 수 있을 것으로 보입니다.","이전 Belief 대비 시장 방향 전망은 유지되나, 거시경제 하방 압력 증가와 시장 심리 위축을 반영하여 단기 변동성에 대한 경계심이 높아졌습니다. 밸류에이션 중립 관점은 유지되며, 뉴스 해석에 있어 리스크 관리 차원의 신중한 태도가 강조되었습니다.","HBM 기술 우위와 AI OLED TV 출시 모멘텀으로 1개월 내 상승 전환 가능성이 높으며, 5일 이동평균(55,780원) 상회와 20일 이동평균(53,990원) 대비 상승 추세에서 균형 잡힌 매수 기회가 형성되고 있습니다. 최근 거래량 증가(6.8%)는 단기 돌파 신호 발생 가능성을 높이며, 기술적 지표와 추세를 기반으로 한 균형 잡힌 판단을 통해 매수 기회를 포착할 수 있을 것으로 보입니다. 현재 보유 현금 55,388,309원 중 50% 한도 내에서 최대 매수 수량(494주)을 지정가 56,000원에 매수하여 단기 상승 모멘텀을 활용합니다.","단기 돌파 신호 실패 시 하락 리스크를 고려하여, 매수 후 2% 이상 하락 시 50% 손절, 5% 이상 하락 시 전량 손절 원칙을 적용합니다. 보유 비중 증가를 위해 현금 50% 한도 내에서 최대 매수 수량을 제한하고, 추가 매수 기회는 기술적 지표 재확인 후 판단합니다. 단기 과열 신호가 나타날 경우 매도 또는 관망을 고려합니다."
simulation_20260610_173242,2025-02-14,4,A056,1,5,10,0,,,,mixed,buy,1000,limit,55800.0,True,"삼성전자는 단기 보조금 재협상 리스크로 변동성 확대 예상되나, 온디바이스 AI 및 CXL 테마 강세와 재무 안정성으로 중장기 상승세 지속 전망입니다. 현재 PBR 1.2x, PER 8.5x의 저평가 구간으로, 단기 조정 시 추가 매수 기회로 활용할 수 있습니다.","이전 Belief 대비 미국 보조금 재협상 및 상호관세 리스크를 보다 구체적으로 반영하여 단기 전망을 '중립적~약세'로 조정했으나, 온디바이스 AI 테마 강세와 재무 리더십에 대한 긍정적 평가는 유지했습니다.","온디바이스 AI 및 CXL 테마 강세와 재무 리더십(퀀트 재무 점수 1위)으로 중장기 상승세 지속 전망. 현재 PBR 1.2x, PER 8.5x의 저평가 구간이며, 5일 이동평균선 위에서 기술적 지지 기반 유지 중. 외국인 매수세(6751.88억원 순매수)와 기술적 지표 개선으로 시장 심리 개선. 단기 변동성 확대 리스크는 있으나, 현금 비중(19.4%)을 유지하며 보수적 추가 매수 기회 활용.","단기 변동성 확대 가능성에 대비해 단일 매수 주문 규모를 max_single_trade_cash_ratio(50%) 이내로 제한(1000주, 약 55.8백만원). 보유 현금(194백만원) 대비 28.8% 매수로 과도한 레버리지 회피. 손절 기준은 55,000원(-1.4%)으로 설정하여 손실 제한. 추가 매수 시 5일 이동평균선 이탈 시 보류, 재진입 시 55,500원 이하에서 분할 매수 계획."
simulation_20260610_173242,2025-02-14,4,A077,2,4,10,0,"반도체 보조금 재협상, 상호관세, 고환율, 고유가, 온디바이스 AI, 삼성전자 수혜, 텍사스 파운드리",0,유지,mixed,hold,0,market,0,False,"미국 반도체 보조금 재협상 및 상호관세 정책 불확실성으로 단기 변동성 확대 가능성이 있으나, 온디바이스 AI 테마 지속과 기술 리더십으로 중장기 성장 동력 유지 전망. 추가 정보 확보 후 재평가 필요.","이전에는 긍정적 모멘텀에 집중했으나, 미국 정책 리스크와 거시경제 악화의 구체적 영향을 인지하며 관망적 입장으로 전환됨.","미국 반도체 보조금 재협상 및 상호관세 정책 불확실성으로 단기 변동성 확대 가능성이 있으나, 온디바이스 AI 테마 지속과 기술 리더십으로 중장기 성장 동력 유지 전망. 현재 가격이 5일·20일 이동평균 대비 소폭 프리미엄 상태이며, 변동성 20일 기준 1.57%로 높은 편. 단기 과열 가능성과 정책 리스크 해소 여부에 따라 추가 정보 확보 후 재평가가 필요하다고 판단됨.","단기 관망 전략 유지, 현금 비중 55.5% 유지로 하방 리스크 대비, 손실 시 이성적인 손절 원칙 준수, 추가 정보 확보 후 재평가 예정"
simulation_20260610_173242,2025-02-14,4,A088,2,5,10,0,,0,유지,mixed,hold,0,market,0,False,"미국 반도체 보조금 재협상과 상호관세 정책 검토로 단기 하방 압력이 존재하나, 온디바이스 AI 테마 강세와 외인·기관 순매수 지속으로 중장기 성장 동력이 강화되었습니다. 밸류에이션은 중립적 저평가 구간에 위치하며, 고환율·고유가 환경은 원가 부담을 가중시키나 현지 생산으로 일부 상쇄됩니다. 단기 리스크 관리 차원에서 관망하며 장기 보유 전략을 유지할 것입니다.",유지,"단기 변동성 확대 예상과 미국 반도체 보조금 재협상, 상호관세 정책 검토 등 하방 리스크로 인해 관망 전략 유지. 현재 밸류에이션은 중립적 저평가 구간이나 단기 리스크 관리 차원에서 추가 매수 보류.","단기 변동성 확대 시 불필요한 매매 자제, 현금 비중 94.4% 유지하며 관망. 손실 발생 시 이성적인 손절 원칙 준수, 보유 주식 100주(0.94%)로 포트폴리오 분산 유지."
simulation_20260610_173242,2025-02-14,4,A097,2,8,10,0,"반도체 보조금 재협상, 상호관세, 고환율, 고유가, 텍사스 파운드리, 3nm 첨단 팹",0,유지,mixed,buy,1000,limit,56200.0,True,"삼성전자는 단기 기술적 상승 추세 유지 중이나, 미국 반도체 보조금 재협상 및 상호관세 리스크로 1개월 내 변동성 확대 가능성이 있음. 고환율·유가 상승으로 수입물가 상승이 지속되며 경기 하방 압력이 존재하나, AI·클라우드 사업 확대로 중장기 성장 기반은 유지됨. 온디바이스 AI 테마는 긍정적이나, 보조금 재협상 불확실성에 대한 경계 심리 필요.","이전 Belief 대비 미국 반도체 보조금 재협상 및 상호관세 리스크에 대한 경계 심리가 강화됨. 단기 기술적 상승 추세는 유지하나, 거시경제 리스크로 인해 변동성 확대 가능성에 대한 관점이 추가됨. 손절 기준은 엄격히 유지하나, 리스크 관리 전략 보완 필요.","단기 기술적 상승 추세(5일·20일 이동평균 상회) 지속, 외국인·기관 순매수(7,133억원) 및 온디바이스 AI 테마 긍정적 모멘텀. 돌파 신호 지속 시 추가 상승 여력 존재. 현재 2,500주 보유(평균 55,500원)로 총 130,000,000원 투자, 가용 현금 861,229,188원 중 1000주(56,200,000원) 매수로 보수적 포지션 확대. max_buy_quantity(7,688) 및 max_single_trade_cash(430,614,593.75) 이내.","손절 기준은 5일 이동평균(55,780원) 대비 1% 하락 시(55,222원) 또는 20일 이동평균(53,990원) 대비 2% 하락 시(52,950원) 적용. 현재 보유 포지션 2,500주(139,500,000원) 대비 추가 매수 1,000주(56,200,000원)로 총 3,500주(195,700,000원) 유지. 현금 비중 861,229,188원 중 195,700,000원 투자 후 665,529,188원 현금 보유. 변동성 확대 가능성에 대비해 현금 비중 70% 이상 유지 및 추가 헤지 전략 고려."
simulation_20260610_173242,2025-02-17,5,A050,0,5,0,0,,,,mixed,buy,544,limit,55800.0,True,"삼성전자는 단기 기술적 반등 가능성이 있으나 반도체 보조금 재협상 리스크로 인해 단기 하락 압력이 혼재되어 있습니다. 중장기적으로는 AI 수요 증가와 HBM 기술 우위로 긍정적 전망이 유지되며, 고환율과 고유가로 인한 경기 하방 압력 속에서도 시장 심리는 혼재되어 있습니다.","이전 Belief 대비 큰 변화 없이, 단기 기술적 반등 가능성과 중장기 긍정적 전망을 유지하나, 반도체 보조금 재협상 리스크로 인해 단기 하락 리스크가 더욱 강조되었습니다.","단기 기술적 반등 가능성(5일선 위에서 20일선 근접)과 거래량 증가 추세, 현재 보유 현금 60,974,147원 중 50% 한도(30,487,073원) 내에서 최대 매수 수량(544주) 실행. 현재 가격 56,000원 대비 55,800원 지정가로 매수하여 단기 반등 시 수익 확보.","손절 기준: 현재가 대비 1% 하락(55,440원) 시 544주 전량 매도. 보유 현금 대비 주식 비중 50% 유지, 추가 하락 시 즉시 손절 실행. 단기 하락 리스크(반도체 보조금 재협상, 글로벌 세금전쟁)를 고려하여 보수적 매수 전략 적용."
simulation_20260610_173242,2025-02-17,5,A007,0,5,0,0,,,,mixed,buy,100,limit,56200.0,True,"향후 1개월 시장은 중립적 흐름을 유지할 것으로 예상되며, 현재 밸류에이션은 5일 이동평균선 대비 소폭 상승한 중립적 저평가 구간에 위치해 있습니다. 거시경제는 고환율과 고유가로 혼재된 상황이나, 지배구조 개선 뉴스로 시장 심리가 다소 낙관적입니다. 헤드라인 스캔 결과, 최태원 면담과 TSMC 인수 검토는 부정적 요인, 코스피 회복과 대체거래소 이슈는 긍정적 요인으로 해석되나, 세부 내용 부재로 균형 잡힌 관망을 유지할 것입니다.","이전 Belief 대비 큰 변화 없이 균형 잡힌 관점을 유지하며, 뉴스 해석에 있어 헤드라인 스캔형 특성을 반영해 과도한 추론을 피하고 있습니다.","AI 모멘텀과 HBM 기술 경쟁력에 기반한 균형 잡힌 밸류에이션 기회 지속. 현재가 56,000원이 5일 이동평균선(55,780원) 대비 소폭 상승한 중립적 저평가 구간에 위치해 있으며, 코스피 2600 회복세와 대체거래소 이슈로 긍정적 시장 흐름 예상. 보유 현금 25,071,762원 중 1,000,000원(100주)을 보수적으로 매수하여 평균 매수 단가를 56,167원으로 개선, 포트폴리오 내 삼성전자 비중 유지 및 현금 비중 25% 이상 관리.","매수 후 현금 비중 22.5% 이상 유지, 보유 주식 비중 77.5% 이하 유지. 손절 기준은 5일 이동평균선(55,780원) 대비 2% 하락(54,666원) 시 50% 매도, 추가 하락 시 잔여 물량 매도. 수익 실현은 5일 이동평균선 대비 3% 상승(57,926원) 시 30% 매도, 5% 상승(58,840원) 시 잔여 물량 매도."
simulation_20260610_173242,2025-02-17,5,A006,1,7,10,0,,,,mixed,hold,0,market,0,False,"향후 1개월 시장은 변동성 확대가 예상되며, 현재 밸류에이션은 단기 매수 기회로 판단된다. 미국 세제 변화와 TSMC의 인텔 파운드리 지분 인수 검토는 하방 압력 요인이나, 온디바이스 AI 테마 강세와 코스피 2600 회복은 상승 모멘텀을 제공한다. 과거 성과가 낮아 신중한 접근이 필요하며, 긍정적·부정적 요인이 혼재된 상황에서 단기 매매 결정이 어려울 수 있다.",이전 Belief 대비 미국 세제 변화와 TSMC의 인텔 파운드리 지분 인수 검토라는 새로운 부정적 요인이 추가되어 시장 전망이 다소 보수적으로 조정되었다. 온디바이스 AI 테마 강세와 코스피 2600 회복은 여전히 긍정적 요인으로 유지된다.,"현재 5일선 대비 고평가 상태(56,000원 vs 5일선 55,860원)이며, 미국 세제 변화와 TSMC의 인텔 파운드리 지분 인수 검토 등 하방 압력이 존재합니다. 온디바이스 AI 테마 강세와 코스피 2600 회복은 긍정적 요인이나, 변동성 확대 예상으로 단기 매수 기회가 제한적입니다. 보유 현금 83,297,495원 대비 300주 보유 중이며, 과거 투자 성과가 낮은 점을 고려하여 리스크 관리에 중점을 두고 관망 전략을 유지합니다.","하방 압력 요인(미국 세제 변화, TSMC 경쟁 심화)을 고려하여 단기 매도 또는 관망 전략을 유지합니다. 보유 현금 비중을 유지하며, 추가 매수 시 5일선 대비 고평가 구간을 고려한 신중한 접근이 필요합니다. 손절 기준을 명확히 설정하고, 단기 변동성 확대 시 현금 비중을 높이는 리스크 관리 방침을 적용합니다."
simulation_20260610_173242,2025-02-17,5,A052,1,7,10,0,,,,mixed,buy,3474,limit,55950.0,True,"삼성전자는 온디바이스 AI 테마와 유리 기판 수요 증가, 전력망 확충법 통과로 인한 중장기 성장 기대감이 우세하나, 미국 세제 변화와 대체거래소 출범 등 변동성 요인에 주의해야 합니다. 기술적 지표와 추세를 고려한 보수적 매수 전략이 유효할 것으로 판단됩니다.","이전에는 단기 부정적 뉴스로 인한 시장 심리 위축을 우려했으나, 오늘 뉴스를 통해 온디바이스 AI 테마와 유리 기판 관련 긍정적 요인이 부각되며 중장기 회복 전망이 강화되었습니다. 미국 세제 변화에 대한 우려가 일부 완화되었으나, 여전히 변동성 요인으로 고려해야 합니다.","온디바이스 AI 테마와 유리 기판 수요 증가, 전력망 확충법 통과로 인한 중장기 성장 기대감이 우세하며, 현재 가격이 5일 이동평균(55,860원)과 20일 이동평균(54,095원) 대비 소폭 프리미엄 상태입니다. 코스피 2600선 회복으로 대형주 매수세가 유입되고 있어 상승 추세 지속 가능성이 있으나, 미국 세제 변화와 대체거래소 출범 등 변동성 요인으로 단기 조정 가능성도 상존합니다. 기술적 지표상 20일 이동평균 대비 상승 추세 유지 중이며, 거래량 소폭 감소(0.503%)와 변동성(1.568%)은 중간 수준입니다. 현재 보유 현금 389,198,394원 중 50% 한도(194,599,196.75원)를 초과하지 않도록 보수적으로 3474주(약 194,599,196.75원)를 매수하며, 지정가 55,950원으로 설정해 단기 조정 시 매수 기회를 확보합니다.","손절매 기준을 현재가 대비 2% 하락(54,880원)으로 설정하고, 매수 후 현금 비중을 50% 이하로 유지합니다. 변동성 요인에 대비해 단일 거래 비중을 가용 현금의 50% 이내로 제한하며, 과거 낮은 투자 성과를 고려해 과도한 레버리지나 집중 투자를 피합니다. 보유 주식 평균 단가를 55,646원에서 55,950원으로 상승시켜 단기 조정 시 손실 가능성을 최소화합니다."
simulation_20260610_173242,2025-02-17,5,A053,0,5,0,0,,,,mixed,hold,0,market,0,False,"향후 1개월 시장은 반도체 업황 회복과 AI·디스플레이 협력 강화로 상승 모멘텀이 지속되나, 중국 HBM 경쟁 심화와 관세 리스크로 단기 변동성 확대 가능성이 있어 중립적 흐름을 예상한다. 현재 밸류에이션은 소폭 프리미엄 상태이지만 중장기 성장 잠재력을 반영한 적정 수준으로 판단되며, 시장 심리는 관망세가 우세하나 코스피 회복세와 대체거래소 소식에 일부 긍정적 반응이 예상된다.","이전 Belief 대비 시장 방향 전망은 동일하게 유지되나, 뉴스 깊이(depth)가 0으로 헤드라인만 제공된 점을 고려해 세부 내용에 대한 확신은 medium 수준으로 조정되었다. 밸류에이션과 거시경제 관점은 기존과 동일하게 유지되었다.","현재 보유 중인 005930 500주(평균 매수 단가 55,800원, 현재가 56,000원)의 미실현 이익이 100,000원으로 소폭 상승했으나, 헤드라인 스캔 결과 최태원 면담과 TSMC 인텔 지분 인수 검토 등 mixed sentiment로 단기 변동성 확대 가능성이 있어 확신도가 medium 수준입니다. 또한 밸류에이션이 소폭 프리미엄 상태이나 중장기 성장 잠재력을 반영한 적정 수준으로 판단되며, 중국 HBM 경쟁 심화와 관세 리스크 등 단기 위험 요인이 존재합니다. 보유 현금 72,095,815원과 현재 포지션 유지로 총 자산 100,095,815원, 누적 수익률 0.10%로 균형 잡힌 상태를 유지하고 있어 과도한 매매보다는 관망하는 것이 적절합니다.","현재 포지션 유지(보유 주식 500주, 현금 72,095,815원)로 총 자산의 72%가 현금, 48%가 주식 비중을 유지하며, 단기 변동성 확대 가능성에 대비해 추가 매수 없이 보유 상태를 유지합니다. 손절 기준은 현재가 대비 5% 하락(53,200원) 시 500주 전량 매도하여 손실을 제한하는 방식으로 관리합니다."
simulation_20260610_173242,2025-02-17,5,A065,0,4,0,0,,,,mixed,buy,100,limit,56200.0,True,"삼성전자는 HBM과 AI OLED 모멘텀으로 1개월 내 상승 전환 가능성이 높으며, 기술적 지표상 균형 잡힌 매수 기회가 형성되고 있습니다. 그러나 글로벌 세금전쟁과 TSMC 인수 검토 등 부정적 외부 요인으로 단기 변동성은 확대될 수 있어 중립적 포지션을 유지할 예정입니다.","이전 Belief 대비 시장 심리 관점에서 코스닥 매도 영향으로 다소 위축되었다는 인식이 추가되었으며, 대체거래소 관련 긍정적 기대감이 단기 반등 요인으로 새롭게 반영되었습니다. 거시경제와 밸류에이션 관점은 기존 판단을 유지합니다.","5일 이동평균(55,860원) 상회 및 20일 이동평균(54,095원) 대비 상승 추세 지속, HBM과 AI OLED 모멘텀으로 1개월 내 상승 전환 가능성 높음. 대체거래소 관련 긍정적 모멘텀과 코스피 회복세(2600 회복)로 단기 매수 심리 자극. 현재 보유 현금 27,720,160원 중 100주 매수 시 약 5,620,000원(20.3%) 사용, max_single_trade_cash(13,860,079.825) 미만. limit 주문으로 단기 변동성(20일 변동성 1.568%) 대비 가격 조정.","매수 후 현금 비중 79.7% 유지, 보유 주식 비중 20.3%로 리스크 분산. stop-loss는 55,500원(-0.53%) 설정으로 단기 변동성 대비 손실 제한. 추가 매수 시 현금 비중 50% 초과 유지 원칙 적용."
simulation_20260610_173242,2025-02-17,5,A056,1,5,10,0,,,,mixed,hold,0,market,0,False,"삼성전자는 저평가 밸류에이션과 온디바이스 AI/CXL 테마 강세, 재무 리더십으로 중장기 상승세 지속 전망. 단기 변동성 리스크는 있으나, 대체거래소 출범과 코스피 회복으로 시장 분위기 개선. 최태원 회장의 미국 재무부 면담은 대미 투자 확대 기대감을 높이며 긍정적이나, 트럼프 정부의 글로벌 세금 정책 변화와 TSMC의 인텔 파운드리 지분 인수 검토는 주의 깊게 모니터링해야 할 리스크 요인임.","이전에는 단기 보조금 재협상 리스크로 변동성 확대를 우려했으나, 현재는 미국 재무부 면담 추진과 코스피 회복으로 중장기 상승세에 대한 확신이 강화됨. 세금 정책 리스크는 여전히 존재하지만, 글로벌 최저한세 유예 가능성으로 부정적 영향이 완화될 수 있음.","현재 삼성전자는 PBR 1.2x, PER 8.5x의 저평가 밸류에이션과 온디바이스 AI/CXL 테마 강세, 최태원 회장의 미국 재무부 면담을 통한 대미 투자 확대 기대감 등 긍정적 요인이 우세합니다. 또한 코스피 2600선 회복과 대체거래소 출범으로 시장 유동성이 개선되며 중장기 상승세에 대한 확신이 강화되었습니다. 그러나 트럼프 정부의 글로벌 최저한세 유예 여부에 따른 추가 세 부담 리스크와 TSMC의 인텔 파운드리 지분 인수 검토로 인한 경쟁 심화 리스크는 여전히 존재합니다. 현재 보유 중인 14,456주(평균 매수 단가 55,724원)는 기술적 지지선 위에서 안정적인 흐름을 보이고 있으며, 단기 변동성은 제한적일 것으로 예상됩니다. 보유 현금 194,331,868원과 총 자산 대비 14.4%의 보유 비중을 고려할 때, 불필요한 매매를 자제하고 장기 보유 전략을 유지하는 것이 적절합니다.","1. 보유 비중 관리: 총 자산의 15% 이내로 유지하여 과도한 집중 리스크 방지
2. 손절 기준: 5일 이동평균선(55,860원) 하향 돌파 시 10% 이상 손실 발생 시 부분 매도 고려
3. 현금 비중 유지: 최소 10% 현금 보유로 추가 매수 기회 대비
4. 분할 매수 원칙: 추가 매수 시 max_single_trade_cash(97,165,934원) 이내에서 2회 이상 분할 매수
5. 뉴스 모니터링: 미국 재무부 면담 결과, 글로벌 최저한세 유예 여부, TSMC 인텔 파운드리 인수 검토 진행 상황 지속 확인"
simulation_20260610_173242,2025-02-17,5,A077,2,6,10,0,"최태원 면담, 글로벌 최저한세, TSMC 인텔, 넥스트레이드, 온디바이스 AI, HBM 수요",0,유지,mixed,hold,0,market,0,False,"삼성전자는 온디바이스 AI 및 유리 기판 테마 강세로 중장기 성장 동력이 유지되고 있으나, 글로벌 세금 정책 불확실성과 TSMC-인텔 협력으로 인한 단기 변동성 확대가 예상됩니다. 최태원 회장의 미국 재무부 면담은 긍정적 요인이나 구체적 협의 내용이 확인되지 않아 단기 영향은 제한적입니다.","이전 Belief 대비 큰 변화는 없으나, 글로벌 세금 정책 유예/폐지 가능성이 높아짐에 따라 긍정적 요인으로 전환되었습니다. TSMC-인텔 협력 소식은 경쟁 심화로 인해 다소 부정적 요인으로 추가되었습니다.","현재 삼성전자는 5일 이동평균 위에서 기술적 매수 신호가 유지되고 있으나, 글로벌 세금 정책 불확실성과 TSMC-인텔 협력으로 인한 단기 변동성 확대 우려가 존재합니다. 최태원 회장의 미국 재무부 면담은 긍정적 요인이지만 구체적 협의 내용이 확인되지 않아 단기 영향은 제한적입니다. 보유 현금 대비 포지션 비중이 다소 높은 상태이며, 뉴스 해석 능력이 중간 수준이고 추가 정보 확보 시 재평가가 필요한 상황입니다. 따라서 단기 변동성 리스크를 관리하기 위해 현재 포지션을 유지하며 관망하는 것이 적절합니다.","단기 변동성 확대에 대비해 현금 비중을 55% 이상 유지하고, 손실 발생 시 5% 이상 하락 시 손절하는 원칙을 적용합니다. 현재 포지션의 미실현 수익이 0.45%로 낮아 추가 매수보다는 시장 상황을 추가 모니터링하며, 긍정적 뉴스나 정책 세부 사항이 확인될 경우 추가 매수를 고려합니다."
simulation_20260610_173242,2025-02-17,5,A097,2,5,10,0,"최태원, 트럼프 세제, TSMC 인텔, 전력망확충법, 넥스트레이드",0,유지,mixed,buy,1000,limit,56200.0,True,"삼성전자는 단기 기술적 상승 추세 유지 중이나, 미국 반도체 보조금 재협상 및 상호관세 리스크로 변동성 확대 가능성이 있음. 최태원 회장의 미 재무부 면담 추진은 긍정적이나, TSMC-인텔 협력은 경쟁 심화 요인으로 경계 필요. 세제 유예와 코스피 회복은 하방 압력 완화 요인으로 작용.","이전 Belief 대비 세제 유예 가능성을 추가 반영하여 단기 매수 기회 확대 판단, TSMC-인텔 협력 영향에 대한 경계 심리 강화","단기 기술적 상승 추세 지속(5일·20일 이동평균 상회)과 최태원 회장의 미 재무부 면담 추진, 세제 유예 가능성 등 긍정적 모멘텀을 반영하여 추가 매수 기회 판단. 현재 보유 현금 805,220,788원 중 1000주(약 56,200,000원) 매수로 포지션 확대.","매수 후 현금 비중 70% 이상 유지, 손절 기준은 55,000원(-2.1%)으로 설정하여 손실 제한. 변동성 확대 시 추가 매수 유보 및 보유 비중 관리."
simulation_20260610_173242,2025-02-17,5,A088,2,5,10,0,"최태원 면담, 글로벌 최저한세, TSMC 인텔, 넥스트레이드, 전력망확충법",0,유지,mixed,hold,0,market,0,False,"삼성전자는 중립적 저평가 구간에서 보합 유지 중이며, 최태원 회장의 미국 정부 협의와 코스피 회복으로 긍정적 기대감이 있으나, 글로벌 세금 정책 변화와 TSMC-인텔 협력 검토로 단기 변동성 우려가 공존합니다. 내재가치 관점에서 추가 정보 확인 후 재평가가 필요합니다.","이전 Belief 대비 'mixed' 감정이 유지되나, 글로벌 세금 정책 변화에 따른 세 부담 감소 기대감이 추가되어 장기 긍정적 관점이 강화되었습니다.","현재 삼성전자는 중립적 저평가 구간에서 보합세를 유지하고 있으며, 최태원 회장의 미국 정부 협의와 코스피 회복으로 긍정적 기대감이 있으나, 트럼프 행정부의 글로벌 세금 정책 변화와 TSMC-인텔 협력 검토로 단기 변동성 우려가 공존합니다. 밸류에이션 지표(PE/PB)는 이성적인 판단이 가능한 수준이지만, 최근 거래량이 전일 대비 -0.503로 감소하며 단기 관심 감소를 시사하고 있습니다. 또한, 글로벌 세금 정책 변화의 구체적 세부사항이 불확실하고, TSMC-인텔 협력 검토로 인한 경쟁 구도 변화가 삼성전자 파운드리 사업의 성장성에 부정적 영향을 줄 수 있어 신중한 접근이 필요합니다. 현재 포트폴리오에서 현금 비중이 94.4%로 높은 편이며, 장기 보유 전략을 유지하고 있어 불필요한 매매를 자제하고 있습니다.","현재 보유 중인 100주(평균 매수 단가 55,700원, 현재가 56,000원)는 미실현 이익 30,000원으로, 단기 변동성 리스크에 대비해 추가 매수 없이 현 상태를 유지합니다. 현금 94,429,164원을 보유하며, 단일 매수 주문은 max_single_trade_cash(47,214,582원)와 max_buy_quantity(842주)를 초과하지 않도록 보수적으로 관리합니다. 향후 글로벌 세금 정책 변화와 TSMC-인텔 협력 검토의 구체적 진행 상황을 모니터링하며, 밸류에이션 지표(PE/PB)와 5일 이동평균(55,860원) 대비 가격 흐름을 재평가한 후 추가 매수 여부를 결정할 예정입니다."
simulation_20260610_173242,2025-02-18,6,A050,0,2,0,0,,,,mixed,buy,535,limit,56900.0,True,"삼성전자는 단기 기술적 반등 후 횡보 가능성이 있으나, 중장기 AI 수요 증가로 상승 추세 유지 전망입니다. 현재 밸류에이션은 단기 조정 구간으로 저평가 상태이며, 시장 심리는 혼재되어 있습니다. 휴머노이드와 로봇주 열풍은 반도체 수요 증가와 연관되어 긍정적 영향을 줄 것으로 예상됩니다.","이전 Belief 대비 단기 반등 가능성에 대한 확신이 강화되었으며, 중장기 전망에 대한 긍정적 시각이 유지되었습니다.","단기 기술적 반등 포착 가능: 5일선(56,100원) 위에서 20일선(54,255원) 근접 구간으로 저평가 상태. AI 수요 증가로 인한 중장기 상승 추세 유지 전망. 휴머노이드와 로봇주 열풍으로 인한 반도체 수요 증가 긍정적 영향 예상. 현재 보유 현금 60,974,147원 중 50% 한도(30,487,073.5원) 내에서 매수 가능하며, max_buy_quantity 535를 초과하지 않음.","손절은 5일선(56,100원) 아래로 하락할 경우 5% 이상 손실 발생 시 이성적으로 실행. 보유 비중은 총 자산의 60% 이하로 유지하며, 현금 40% 이상 보유로 단기 기회 대비. 단기 거래량 감소 시 반등 강도 약화 가능성에 주의하며, 고환율/고유가 리스크는 중장기 AI 수요로 상쇄 예상."
simulation_20260610_173242,2025-02-18,6,A007,0,4,0,0,,,,mixed,buy,171,market,0.0,True,"향후 1개월 시장은 중립적 흐름, 현재 밸류에이션은 5일 이평선 대비 소폭 상승한 중립적 저평가 구간에 위치해 있습니다. 거시경제는 고환율·고유가로 혼재되었으나 지배구조 개선 뉴스로 낙관적 심리가 형성되었고, 뉴스는 긍정적·부정적 요인이 혼재되어 균형 잡힌 관망이 필요합니다.","이전 Belief 대비 시장 방향에 대한 낙관적 전망이 강화되었으며, 밸류에이션 판단에 있어 5일 이동평균선 대비 소폭 상승한 중립적 저평가 구간으로 조정되었습니다.","5일 이동평균선(56,100원) 대비 소폭 상승한 중립적 저평가 구간(56,900원)에서 매수 기회 포착. 휴머노이드 열풍으로 인한 반도체 수요 증가 기대감이 긍정적 요인으로 작용하며, 현재 보유 현금(19,470,922원)의 50% 한도 내에서 최대 매수 수량(171주)을 시장가로 매수하여 포트폴리오 집중도를 유지하면서도 저평가 매수 기회를 활용함.","매수 후 현금 비중 10% 미만 유지, 보유 주식 비중 80% 이상 유지. 손절 기준은 5일 이동평균선(56,100원) 하향 돌파 시 10% 이상 손실 발생 시 부분 매도. 변동성(1.59%)과 거래량 변화율(0.86%)이 낮아 단기 리스크 제한적이나, 최태원 면담 및 TSMC 인수 검토 등 부정적 뉴스 요인에 대비해 과도한 레버리지 사용 금지."
simulation_20260610_173242,2025-02-18,6,A006,1,3,10,0,,,,mixed,buy,200,limit,56800.0,True,"향후 1개월 시장은 변동성 확대와 함께 단기 상승 모멘텀 유지 예상. 현재 밸류에이션은 5일선 대비 고평가이나 20일선 대비 상승 추세로 단기 매수 기회. 고배당 뉴스는 관망 요인, 로봇주 뉴스는 긍정적 신호, 핵심광물 뉴스는 장기 긍정적 요인으로 혼재된 시장 심리.","이전 Belief 대비 시장 방향성은 변동성 확대에서 단기 상승 모멘텀 유지로 변화, 밸류에이션 관점은 단기 매수 기회 유지, 거시경제 관점은 수출 부담 우려에서 공급망 안정화 긍정적 요인으로 변화","20일 이동평균(54,255원) 대비 상승 추세 지속과 단기 상승 모멘텀 유지, 온디바이스 AI 테마 강세 및 반도체 공급망 안정화 기대감이 기술적 매수 신호를 지지합니다. 현재 가격은 5일선 대비 고평가 상태이나 20일선 대비 상승 추세에 있어 단기 매수 기회로 판단됩니다. 보유 현금 83,297,495원 중 200주 매수 시 약 11,360,000원(13.6%)을 사용하며, max_single_trade_cash(41,648,747.5원) 및 max_buy_quantity(731주)를 준수합니다. 현재 평균 매수 단가 55,667원 대비 56,800원은 소폭 높은 수준이지만, 단기 상승 추세 지속을 고려한 보수적 매수입니다.","매수 후 현금 비중 66.4% 유지, 보유 주식 비중 33.6%로 현금 비중을 높게 유지하여 단기 변동성 확대에 대비합니다. 손절 기준은 5일선(56,100원) 대비 1% 하락인 55,539원으로 설정하여 단기 하방 리스크 관리. 추가 매수 시 20일선 대비 상승 추세 지속 확인 후 분할 매수 전략 적용."
simulation_20260610_173242,2025-02-18,6,A052,1,2,10,0,,,,mixed,buy,1000,limit,56800.0,True,,,"20일 이동평균(54,255원) 대비 4.9% 상승한 기술적 상승 추세와 거래량 증가(85.7%)를 확인했으며, 고배당 펀드 관련 뉴스로 인한 배당 성향 개선 기대감이 장기 긍정적 영향을 미칠 수 있습니다. 현재 5일 이동평균(56,100원)을 약간 하회하는 중립적 위치에서 추가 상승 모멘텀 확인 후 점진적 접근이 적절하다고 판단했습니다. 보유 현금(389,198,394원)의 25% 이내에서 보수적으로 매수하여 포트폴리오 내 현금 비중을 35%로 유지하고, 평균 매수 단가를 55,646원에서 56,000원 수준으로 끌어올려 단기 상승 기회를 포착하고자 합니다.","1) 단일 매수 주문은 가용 현금(389,198,394원)의 25% 이내인 97,299,598원(1000주 × 56,800원 × 1.0015 수수료 포함)을 초과하지 않도록 설정했습니다. 2) 보유 주식 수량(10,975주)의 9% 이내로 매수하여 과도한 집중 투자를 방지했습니다. 3) 지정가 56,800원은 현재가(56,900원)보다 100원 낮은 수준으로 설정하여 단기 조정 시 매수 기회를 확보했습니다. 4) 매수 후 포트폴리오 내 현금 비중은 35%, 삼성전자 비중은 65%로 유지하여 안정적인 자산 선호 성향에 부합하도록 관리했습니다."
simulation_20260610_173242,2025-02-18,6,A065,0,1,0,0,,,,positive,buy,194,limit,56900.0,True,"삼성전자는 HBM과 AI OLED 모멘텀으로 1개월 내 상승 전환 가능성이 높으며, 기술적 지표상 균형 잡힌 매수 기회가 형성되고 있습니다. 글로벌 세금전쟁 등 부정적 외부 요인이 있으나, 휴머노이드 열풍과 로봇주 관심 증가로 인한 반도체 수요 증가 기대감이 시장 심리를 긍정적으로 자극하고 있습니다.","이전 Belief 대비 외부 부정적 요인(글로벌 세금전쟁, TSMC 인수 검토)을 더 강조하면서도, 휴머노이드 관련 긍정적 모멘텀을 추가로 반영하여 균형 잡힌 관점을 유지하고 있습니다.","기술적 지표상 균형 잡힌 매수 기회 형성, 5일 이동평균(56,100원) 대비 현재가(56,000원)가 근접하여 단기 상승 전환 예상. HBM과 AI OLED 모멘텀, 코스피 회복세, 휴머노이드 열풍에 따른 반도체 수요 증가 기대감이 긍정적. 보유 현금(22,119,320원) 중 50% 한도 내에서 최대 매수 수량(194주) 실행.","매수 후 현금 비중 50% 유지, 단기 변동성 대비 50% 현금 보유 원칙. 손절 기준은 5일 이동평균(56,100원) 대비 1% 하락 시(55,539원) 매도 고려. 보유 주식 평균 단가 55,860원 대비 0.4% 상승 여력 확보."
simulation_20260610_173242,2025-02-18,6,A053,0,3,0,0,,,,mixed,buy,300,limit,56000.0,True,"향후 1개월 시장은 반도체 업황 회복과 AI·디스플레이 협력 강화로 상승 모멘텀이 지속되나, 중국 HBM 경쟁 심화와 관세 리스크로 단기 변동성 확대 가능성이 있어 중립적 흐름을 예상한다. 현재 밸류에이션은 소폭 프리미엄 상태이지만 중장기 성장 잠재력을 반영한 적정 수준으로 판단되며, 시장 심리는 관망세가 우세하나 코스피 회복세와 대체거래소 소식에 일부 긍정적 반응이 예상된다.","이전 Belief 대비 시장 방향 전망은 유지되나, 밸류에이션 관점에서 소폭 프리미엄 상태임에도 중장기 성장 잠재력을 반영한 적정 수준으로 판단하는 비중이 강화되었다. 또한 휴머노이드 로봇 열풍과 중복상장 관련 뉴스로 인해 단기 변동성 확대 가능성에 대한 경계심이 증가하였다.","AI 수요 증가와 휴머노이드 로봇 열풍으로 인한 반도체 수요 증가 가능성, 중장기 성장 잠재력을 반영한 밸류에이션 프리미엄 정당화, 코스피 회복세와 대체거래소 소식에 따른 긍정적 반응 예상. 현재 밸류에이션이 소폭 프리미엄 상태이지만 중장기 성장 잠재력을 반영한 적정 수준으로 판단되며, 단기 변동성 확대 가능성에 대한 경계심이 증가했으나 상승 모멘텀이 지속될 것으로 예상.","매수 수량은 가용 현금(72,095,815원)의 41.6%(30,000,000원) 이내로 제한하여 단일 거래 현금 비율(50%)을 준수. 보유 주식 대비 60% 추가 매수로 포트폴리오 균형 유지. 지정가 56,000원에 매수 설정하여 단기 변동성 확대 가능성에 대비. 손절 기준은 -2%(-54,880원)로 설정하여 손실 제한. 현금 비중 72% 유지로 추가 기회 대비 유동성 확보."
simulation_20260610_173242,2025-02-18,6,A056,1,3,10,0,,,,mixed,buy,1707,limit,56900.0,True,"삼성전자는 저평가 밸류에이션과 온디바이스 AI/CXL 테마 강세, 재무 리더십으로 중장기 상승세 지속 전망. 단기 변동성 리스크는 있으나, 대체거래소 출범과 코스피 회복으로 시장 분위기 개선. 최태원 회장의 미국 재무부 면담은 대미 투자 확대 기대감을 높이며 긍정적이나, 트럼프 정부의 글로벌 세금 정책 변화와 TSMC의 인텔 파운드리 지분 인수 검토는 주의 깊게 모니터링해야 할 리스크 요인임.","이전 Belief 대비 시장 방향 전망에서 단기 변동성 리스크는 여전히 존재하지만, 코스피 회복과 대체거래소 출범으로 상승세 지속 전망이 강화됨. 밸류에이션 관점에서는 여전히 저평가 구간으로 판단되나, 외국인 매수세와 기술적 지표 개선으로 긍정적 신호 확대.","저평가 밸류에이션(PER 8.5x, PBR 1.2x)과 온디바이스 AI/CXL 테마 강세, 고배당 펀드 편입 소식에 따른 긍정적 시장 분위기. 외국인 순매수(6751.88억원)와 기술적 지지(5일 이동평균선 56,100원) 기반으로 추가 매수 기회. 현재 보유 현금 194,331,868원 중 50% 한도(97,165,933원) 내에서 최대 매수 수량(1707주) 매수.","매수 후 현금 비중 50% 유지, 보유 주식 비중 50% 이상 유지. 손절 기준은 5일 이동평균선(56,100원) 하향 돌파 시 10% 매도. 추가 매수 시 5일 이동평균선 유지 확인 후 진행. 단기 변동성 리스크(트럼프 관세, 중복상장) 관리 위해 10% 현금 비중 유지."
simulation_20260610_173242,2025-02-18,6,A077,2,6,10,0,"삼성전자, 고배당, 트럼프 관세, 레인보우로보틱스, 반도체 주52시간, 핵심광물",0,유지,mixed,hold,0,market,0,False,"삼성전자는 단기 변동성 확대 후 점진적 안정세 예상. 고배당 정책과 로봇 자회사 성장은 긍정적이나, 트럼프 관세 리스크와 수출 부담 증가로 신중한 접근이 필요. 현재 밸류에이션은 기술적 매수 신호 유지하나, 중복상장 문제와 거시경제 악화로 추가 매수 유보.","이전 Belief 대비 트럼프 관세 리스크와 수출 부담 증가에 대한 우려가 강화되었으며, 반도체 주52시간 예외 미적용으로 인한 경쟁력 약화 가능성이 추가되어 신중한 관점으로 변화함.","현재 삼성전자는 기술적 매수 신호(5일·20일 이동평균 상회)를 유지하고 있으나, 트럼프 관세 리스크와 수출 부담 증가, 반도체 주52시간 예외 미적용으로 인한 경쟁력 약화 우려, 중복상장 문제 등 부정적 요인이 혼재하여 신중한 접근이 필요합니다. 보유 현금 55,488,324원 대비 주식 비중 44.7%로 중간 수준이며, 단기 변동성 확대 가능성이 있어 추가 매수 유보하고 현 포지션 유지.","손절 원칙 준수: 손실 발생 시 5% 이상 하락 시 매도 고려. 현금 비중 55.3% 유지로 유동성 확보. 보유 주식 800주(44.7%)는 중기적 관점에서 유지하며, 추가 매수 시 max_single_trade_cash(27,744,162원) 및 max_buy_quantity(487주) 한도 내에서 보수적 접근. 단기 변동성에 대비한 현금 보유로 리스크 관리."
simulation_20260610_173242,2025-02-18,6,A097,2,6,10,0,,0,유지,mixed,hold,0,market,0,False,"삼성전자는 단기 기술적 상승 추세 유지 중이나, 트럼프 관세 재협상 및 중복상장 이슈로 변동성 확대 가능성이 있음. 고배당 펀드 편입과 로봇/AI 사업 성장은 긍정적이나, 하방 리스크 관리가 필요함.","이전 Belief 대비 트럼프 관세 영향과 중복상장 리스크에 대한 경계심이 강화됨. 고배당 펀드 편입과 로봇/AI 사업 성장에 대한 긍정적 관점은 유지되나, 리스크 요인이 더 부각됨.","단기 기술적 상승 추세 유지 중이나 트럼프 관세 재협상 및 중복상장 이슈로 변동성 확대 가능성이 높음. 현재 보유 포지션의 미실현 손익 +1,250,000원으로 소폭 수익 상태이나, 거시경제 리스크(관세, 중복상장)에 대한 민감도가 높아 신중한 접근이 필요함. 레인보우로보틱스 급등 소식에 따른 단기 과열 가능성도 존재하여 과도한 매매는 피하고 보유 상태를 유지함.","손실 가능성 관리: 현재 보유 포지션의 1.25% 수익 구간에서 추가 매수 없이 보유 유지. 현금 비중 74.9% 유지로 하방 리스크 대비. 최대 단일 거래 현금 비율 50% 및 최대 매수 수량 6,582주 제약 준수. 손절 기준: -3% 이상 하락 시 매도 고려."
simulation_20260610_173242,2025-02-18,6,A088,2,6,10,0,"삼성전자우, 고배당 펀드, 트럼프 관세, 레인보우로보틱스, 반도체특별법, 주52시간, 핵심광물 공급망",0,유지,mixed,buy,100,limit,56800.0,True,"삼성전자는 중립적 저평가 구간에서 고배당 펀드 편입과 로봇주 시너지로 긍정적 요인이 있으나, 트럼프 관세와 중복상장 문제로 인한 부정적 요인도 공존. 단기 변동성은 제한되나 중장기 리스크 관리가 필요하며, 추가 정보 확인 후 분할 매수 고려.","이전 Belief 대비 변화 없음. 뉴스 컨텍스트에서 주요 이슈가 충분히 다루어졌으며, 추가 검색 없이도 투자 판단에 필요한 핵심 정보를 확보했다고 판단하여 기존 관점을 유지함.","고배당 펀드 편입으로 인한 가치 재평가 가능성과 반도체 업황 개선 기대감이 긍정적이나, 트럼프 관세 불확실성과 중복상장 문제로 인한 하방 압력이 상존. 현재가(56,900원)가 5일 이동평균(56,100원) 대비 소폭 상회하나 PE/PB 지표는 합리적 수준이며, 20일 이동평균(54,255원) 대비 상승 추세로 기술적 지지 확인. 단기 변동성 제한 예상 속에서 분할 매수 기회 포착.","매수 수량을 보수적으로 100주(보유 현금 대비 1.06%)로 제한하여 과도한 노출 방지. 지정가 56,800원으로 설정하여 단기 과열 구간에서의 추가 상승 리스크 관리. 손절 기준은 56,000원(현재 보유 평균 단가) 이하로 설정하여 손실 제한. 보유 현금 비중 94.4% 유지로 유동성 확보 및 추가 기회 대비."
simulation_20260610_173242,2025-02-19,7,A007,0,4,0,0,,,,mixed,buy,82,limit,56900.0,True,"삼성전자는 스마트 모니터 시장 확대와 DS부문 통합으로 내재가치 상승 요인이 있으나, 거시경제 불확실성과 과거 투자 성과 부진으로 신중한 접근이 필요합니다. 단기적으로는 중립적 저평가 구간에서 매수 기회가 있으나, 시장 반응을 면밀히 관찰해야 합니다.","이전 Belief 대비 시장 방향에 대한 낙관적 전망이 다소 완화되었으며, 밸류에이션 판단에 있어 보다 신중한 접근이 필요해졌습니다.","단기 중립적 저평가 구간에서의 매수 기회 활용, 스마트 모니터 인기 및 DS부문 통합 긍정적 요소 반영","손절가 56500원 설정, 1% 이상 손실 시 즉시 매도, 현금 비중 10% 이상 유지, 보유 비중 20% 초과 시 매도 고려"
simulation_20260610_173242,2025-02-19,7,A050,0,3,0,0,,,,mixed,buy,100,limit,58700.0,True,"삼성전자는 단기 기술적 반등 후 횡보 가능성이 있으나 중장기 AI 수요 증가로 상승 추세 유지 전망입니다. 현재 밸류에이션은 단기 조정 구간으로 저평가 상태이며, 휴머노이드와 로봇주 열풍으로 인한 반도체 수요 증가 기대감이 긍정적 영향을 줄 것으로 예상됩니다.","이전 Belief 대비 큰 변화 없음. 단기 기술적 반등 가능성은 유지되나, 뉴스의 긍정적 요소가 추가되어 단기 모멘텀 기대감이 강화되었습니다.","단기 기술적 반등 가능성(5일선 위에서 20일선 근접)과 무빙스타일 모니터 점유율 소식, 임원 승부근성 강조 등 긍정적 뉴스에 기반한 반등 신호. 현재 밸류에이션은 단기 조정 구간으로 저평가 상태이며, 고위험 고수익 기회 선호 성향에 따라 일부 현금 보유를 유지하며 추가 매수 진행. 보유 현금 30,528,081원 중 1,526,404원(5% 비율) 한도 내에서 보수적 매수.","매수 후 현금 비중 25% 이상 유지, 손절 기준 5일선 하향 돌파 시 5% 이상 손실 발생 시 매도, 단기 반등 실패 시 추가 매수 보류 및 현금 보유 전략 유지"
simulation_20260610_173242,2025-02-19,7,A006,1,5,10,0,,,,mixed,buy,100,limit,58700.0,True,"단기 상승 추세와 변동성 확대 예상 속에서 스마트 모니터 판매 호조와 AI 파트너십은 긍정적 신호이나, TV/스마트폰 점유율 하락은 부정적 요인으로 혼재된 시장 심리. 기술적 지표와 처분효과를 고려한 보수적 접근이 필요함.","이전에는 20일선 대비 상승 추세에 집중했으나, 오늘은 5일선 대비 고평가 상태를 더 고려하여 단기 매수 기회를 보수적으로 판단함","5일선 대비 고평가 상태이지만 20일선 대비 상승 추세를 유지하고 있으며, 거래량이 전일 대비 14.75% 증가하여 단기 매수세가 유입되고 있습니다. 스마트 모니터 판매 호조와 AI 파트너십 소식은 긍정적 요인으로 작용하고 있으며, 현재 보유 중인 300주(평균 매수 단가 55,667원) 대비 미실현 손익 370,000원(0.37%)으로 소폭의 수익 구간입니다. 처분효과(수익 시 빠른 매도 경향)를 고려하여 현재 수익 구간에서 추가 매수를 통해 포지션을 확대하되, max_single_trade_cash_ratio(50%)와 max_buy_quantity(709)를 준수하여 보수적으로 100주 매수합니다.","현재 보유 현금 83,297,495원 중 100주 매수 시 약 5,870,000원(6.9%)을 사용하며, 이는 max_single_trade_cash(41,648,747.5원)의 14.1%에 해당합니다. 매수 후 보유 현금 77,427,495원, 총 보유 수량 400주로 포트폴리오 내 삼성전자 비중은 약 40%로 유지됩니다. 손절 기준은 20일선(54,475원) 대비 5% 하락 시(51,751원)로 설정하여 단기 변동성 확대 시 손실을 제한합니다. 또한, TV/스마트폰 점유율 하락 및 임원들의 위기 의식 등 부정적 요인에 대비하여 추가 매수 시 20일선 돌파 확인 후 단계적으로 진입할 계획입니다."
simulation_20260610_173242,2025-02-19,7,A052,1,5,10,0,,,,mixed,buy,2000,limit,58500.0,True,"삼성전자는 단기 변동성 확대 후 점진적 상승 가능성이 있으나, 현재 밸류에이션은 약간 고평가 상태입니다. 긍정적 기술 협력과 조직 효율화 소식이 중장기 모멘텀을 제공하지만, 단기 부정적 뉴스로 인한 조정 위험이 존재합니다. 투자자는 기술적 지표와 추세를 중시하며, 균형 잡힌 뉴스 해석을 통해 분할 매수/매도 전략을 고려할 필요가 있습니다.","이전 Belief 대비 긍정적 기술 협력 소식에 대한 가중치 증가. 조직 효율화 소식은 중장기 긍정적 요인으로 지속 평가되나, 단기 거래에서는 중립적 입장 유지.","5일 이동평균(56,680원) 대비 3.5% 상회한 현재 가격(58,700원)에서 단기 변동성 확대 후 점진적 상승 가능성을 고려하여 분할 매수 전략 실행. 무빙스타일 모니터 인기 및 아이폰-갤럭시 채팅장벽 해소 등 긍정적 뉴스가 단기 매수 신호로 작용하며, RSI/MACD 추가 지표 확인 필요. 현재 보유 현금 389,198,394원 중 2000주(약 117,400,000원) 매수로 평균 매수 단가 하락 및 포지션 확대.","매수 후 현금 비중 38.4% → 28.5%로 감소. 보유 주식 비중 61.6% → 71.5%로 증가. 단일 매수 주문은 max_single_trade_cash(194,599,196.75원) 이하로 제한. 손절 기준은 5일 이동평균(56,680원) 대비 2% 하락(55,446원) 또는 20일 이동평균(54,475원) 하향 돌파 시로 설정. 추가 매수 시 5일 이동평균 근접 시 추가 분할 매수 고려."
simulation_20260610_173242,2025-02-19,7,A053,0,3,0,0,,,,positive,buy,300,limit,58500.0,True,"향후 1개월 시장은 반도체 업황 회복과 AI·디스플레이 협력 강화로 상승 모멘텀이 지속되나 중국 HBM 경쟁 심화와 관세 리스크로 단기 변동성 확대 가능성이 있어 중립적 흐름을 예상한다. 현재 밸류에이션은 소폭 프리미엄 상태이지만 중장기 성장 잠재력을 반영한 적정 수준으로 판단되며, 스마트 모니터 '무빙스타일' 비중 증가와 DS부문 통합 소식이 저평가 해소 가능성을 시사한다.","이전 Belief 대비 밸류에이션 관점에서 '소폭 프리미엄이지만 중장기 성장 잠재력을 반영한 적정 수준'이라는 판단이 추가되었으며, 시장 심리 측면에서 '관망세가 우세하나 일부 긍정적 반응 예상'이라는 표현이 구체화되었다.","스마트 모니터 '무빙스타일' 비중 증가와 DS부문 통합 소식에 따른 실적 개선 기대감, 5일 이동평균(56,680원) 대비 현재가(58,700원) 상승 추세, 20일 이동평균(54,475원) 대비 상승 여력, 밸류에이션이 중장기 성장 잠재력을 반영한 적정 수준으로 판단되어 추가 매수 기회 발생","매수 후 현금 비중 40% 이상 유지, 보유 주식 비중 60% 이하 유지, 지정가 매수로 단기 변동성 리스크 관리, 손절 기준 5% 하락 시(55,665원) 매도 고려"
simulation_20260610_173242,2025-02-19,7,A056,1,4,10,0,,,,mixed,buy,827,limit,58700.0,True,"삼성전자는 저평가 밸류에이션과 온디바이스 AI/CXL 테마 강세, DS부문 조직 효율화 조치로 중장기 상승세 지속 전망. 단기 변동성은 있으나 대체거래소 출범과 코스피 회복으로 시장 분위기 개선. 아이폰-갤럭시 채팅장벽 해소는 모바일 사업 경쟁력 강화로 긍정적.","이전 Belief 대비 긍정적 요인(스마트 모니터 판매 호조, 조직 통합, RCS 호환성)이 강화되어 시장 심리 평가가 'neutral'에서 'neutral to slightly positive'로 상향 조정됨. 밸류에이션 관점은 기존 '저평가' 유지되나, 테마 강세로 추가 상승 여력 확대 인식.","저평가 밸류에이션(PER 8.5x, PBR 1.2x)과 온디바이스 AI/CXL 테마 강세, DS부문 조직 통합, 스마트 모니터 무빙스타일 판매 호조(5배 증가) 등 긍정적 요인이 우세하며, 5일 이동평균선(56,100원) 위에서 안정적인 흐름을 보이고 있습니다. 현재가 58,700원에서 추가 상승 여력이 있어 보수적으로 매수합니다.","매수 후 현금 비중 50% 유지, 보유 수량 대비 5% 추가 매수로 리스크 분산, 단기 변동성(1.7059%) 고려하여 limit order로 지정가 매수, 손절 기준은 5일 이동평균선(56,100원) 하향 돌파 시로 설정"
simulation_20260610_173242,2025-02-19,7,A065,0,10,0,0,,,,mixed,buy,94,limit,58700.0,True,"삼성전자는 HBM과 AI OLED 모멘텀으로 1개월 내 상승 전환 가능성이 높으며, 기술적 지표상 균형 잡힌 매수 기회가 형성되고 있습니다. 긍정적 뉴스가 많아 단기 매수 심리가 우세하나, 분산 투자 성향으로 인해 포트폴리오 내 비중 조절에 신중할 것입니다.",이전 Belief 대비 긍정적 뉴스가 추가 확인되어 단기 상승 전환 가능성에 대한 확신이 강화되었습니다.,"5일 이동평균(56,680원) 대비 근접하여 단기 상승 전환 예상, 거래량 14.7% 증가, HBM/AI OLED 모멘텀 지속, 긍정적 뉴스 다수 확인으로 단기 매수 기회 판단. 현재 보유 현금 11,079,064원 중 50% 한도(5,539,531원) 내에서 최대 매수 수량(94주) 한도 준수하여 보수적 매수.","매수 후 현금 비중 50% 이상 유지, 보유 주식 비중 50% 이하 유지, 손절 라인 5일 이동평균 -2% 수준(55,344원) 설정, 변동성 1.7% 고려하여 포지션 크기 제한"
simulation_20260610_173242,2025-02-19,7,A077,2,4,10,0,"무빙스타일, DS부문 조직 통합, RCS 도입, 스마트폰 점유율, D램 점유율, 스마트 모니터 판매",0,유지,mixed,hold,0,market,0,False,"삼성전자는 단기 변동성 확대 후 점진적 안정세 예상. 밸류에이션은 기술적 매수 신호 유지하나 중복상장 이슈로 유보. 거시경제는 트럼프 관세 리스크로 부정적이나, 무빙스타일 성장과 조직 효율화로 중장기 긍정적 전망.",이전 Belief 대비 변화 없음. 긍정적·부정적 요인이 상쇄되어 중립적 관점 유지.,"단기 변동성 확대 후 점진적 안정세 예상, 긍정적·부정적 요인이 상쇄된 중립적 시장 흐름. 현재 밸류에이션은 기술적 매수 신호 유지하나 중복상장 이슈로 추가 매수 유보 필요. 보유 현금 55,488,324원 중 800주(44,560,000원) 보유로 현금 비중 44% 유지. 단기 변동성 확대 가능성과 거시경제 리스크(트럼프 관세)로 인해 보수적 접근 유지.","손절 기준: 현재가 대비 5% 하락 시(53,565원) 800주 전량 매도. 현금 비중 40% 이상 유지, 단일 매수 주문은 가용 현금 50% 이내(27,744,162원) 및 max_buy_quantity(472주) 준수. 보유 포지션 유지 시 추가 매수 유보."
simulation_20260610_173242,2025-02-19,7,A088,2,4,10,0,"무빙스타일, DS부문, RCS, 스마트 모니터, 조직 통합, 시장 점유율, 모바일 사업",0,유지,mixed,hold,0,market,0,False,"삼성전자는 단기적으로는 혼조세와 제한된 변동성을 보일 것으로 예상되며, 밸류에이션은 합리적 수준이지만 핵심 사업 부문의 점유율 회복이 관건입니다. 조직 효율화와 모바일 생태계 확장(RCS)은 장기적 긍정 신호이나, 단기 매수보다는 추가 하락 시 분할 매수를 고려할 수 있습니다.","이전 Belief 대비 관점이 유지되었습니다. 추가 검색 없이 기존 컨텍스트만으로도 충분한 정보를 확보했으며, 위험 회피 성향에 따라 중립적~혼합적 판단이 적절합니다.","단기 혼조세와 제한된 변동성, 핵심 사업 부문 점유율 회복 여부가 불확실하며, 밸류에이션은 합리적 수준이지만 상승 모멘텀이 약함. 현재 보유 포지션(100주, 평균 55,700원, 현재가 56,900원)에서 소폭 상승했으나, 추가 하락 시 분할 매수 기회를 관망 중. 뉴스에서 긍정적 요인(스마트 모니터 판매, RCS)과 부정적 요인(TV·스마트폰·반도체 점유율 하락, 조직 개편 불확실성)이 혼재되어 있어 과도한 매수보다는 관망이 적절함.","1) 단일 매수 주문은 가용 현금(94,429,164원)의 50% 이하(47,214,582원)로 제한하여 과도한 노출 방지. 2) 현재 보유 주식(100주)은 매도하지 않고 장기 보유 유지. 3) 추가 하락 시 분할 매수 전략 적용, 1차 매수 후 추가 하락 시 추가 매수. 4) 손절 기준은 5% 이상 하락 시(53,065원 이하) 고려. 5) 현금 비중 94% 이상 유지하여 유동성 확보."
simulation_20260610_173242,2025-02-19,7,A097,2,4,10,0,"무빙스타일, DS부문 조직 통합, RCS 도입, 스마트폰 점유율, D램 점유율",0,유지,mixed,buy,2000,limit,57500.0,True,"삼성전자는 단기 기술적 상승 추세와 무빙스타일 판매 호조, RCS 도입 기대감 등 긍정적 요인이 있으나, TV·스마트폰·D램 점유율 하락과 조직 통합 초기 불확실성으로 변동성 확대 가능성이 혼재되어 있습니다. 고위험 고수익 기회를 선호하나, 손실 시 이성적인 손절을 중시하므로 단기 상승 시 분할 매수 전략을 고려할 것입니다.","이전 Belief 대비 무빙스타일 판매 비중과 조직 통합의 구체적 성과에 대한 세부 데이터 부족으로 과도한 추론을 피하며, mixed sentiment를 유지하는 관점으로 변화했습니다.","무빙스타일 판매 급증과 RCS 도입 기대감이 긍정적 돌파 신호로 해석되며, 5일·20일 이동평균(56,680원, 54,475원)을 상회하고 거래량 증가(14.75%)로 단기 상승 추세 지속 가능성이 있습니다. 현재 포트폴리오에서 현금 비중이 높고(74.9%), 보유 주식 대비 미실현 손익(5,300,000원)이 낮아 추가 매수 여력이 있습니다. 단기 기술적 상승 시 분할 매수 전략으로 고위험 고수익 기회를 활용하되, 손실 시 이성적인 손절을 위해 5% 하락 시 부분 매도 계획을 수립합니다.","1) 단일 매수 주문은 가용 현금(749,212,388원)의 50% 미만(2000주 × 57,500원 × 1.00015 수수료 = 약 115,043,000원)으로 제한하여 과도한 레버리지 방지 2) 보유 주식(4,500주) 대비 매수 수량(2,000주)은 44%로 분산 투자 원칙 준수 3) 5% 하락 시(54,625원) 20% 매도하여 손실 제한 4) 현금 비중 74.9% 유지로 추가 하락 시 대응 여력 확보"
simulation_20260610_173242,2025-02-20,8,A007,0,0,0,0,,,,neutral,hold,0,market,0,False,"삼성전자는 단기 중립적 저평가 구간에 있으나, 거시경제 불확실성과 과거 투자 성과 부진으로 신중한 접근이 필요합니다. DS부문 통합과 스마트 모니터 수요 증가 긍정적 요인을 고려하되, 추가 정보 없이 현재 보유 포지션을 유지하며 관망할 것입니다.","이전 Belief 대비 거시경제 불확실성 인식이 강화되었으며, 시장 심리 측면에서 조심스러운 낙관 상태로 전환되었습니다. 밸류에이션 판단은 기존 중립적 저평가 관점을 유지합니다.","거시경제 불확실성 지속과 미국 관세 정책 변화 리스크로 인해 신중한 접근이 필요하며, DS부문 통합 및 스마트 모니터 수요 증가 긍정적 요인은 있으나 추가 정보 없이 현재 보유 포지션을 유지하는 것이 적절하다고 판단됨. 뉴스 뷰에서 업황 우려가 간접 인지되었으나, 20일 이동평균선 대비 저평가 상태와 기관 매수세 유입은 긍정적 요인임.","손실 가능성 관리 차원에서 현금 비중 93.5% 유지, 보유 주식 비중 6.5% 유지. 추가 매수 없이 관망하며, 향후 시장 변동성 확대 시 20일 이동평균선(54,710원) 대비 10% 이상 하락 시 매수 기회 고려. 매도 신호는 5일 이동평균선(57,200원) 대비 5% 이상 상승 시 검토."
simulation_20260610_173242,2025-02-20,8,A050,0,10,0,0,,,,mixed,buy,100,limit,58700.0,True,"단기 기술적 반등 후 횡보 가능성이 있으나 중장기 AI 수요 증가로 상승 추세 유지 전망입니다. 현재 밸류에이션은 단기 조정 구간으로 저평가 상태이며, 반도체 관세폭탄 우려에도 불구하고 AI 수요 증가로 긍정적 영향을 받을 것으로 예상됩니다. 과거 성과가 낮아 신중한 접근을 유지하나 기술적 반등 신호를 활용한 매수 기회를 모색할 것입니다.","이전에는 단기 반등 가능성에 더 집중했으나, 현재는 거시경제 불확실성 증가로 인해 관망 심리가 강화되었습니다. 고위험 기회 선호 성향은 유지되나, 과거 성과 부진으로 인해 보다 신중한 접근이 예상됩니다.","단기 밸류에이션 저평가 상태와 기술적 반등 신호 활용. 20일 이동평균 대비 상승 여력 있으며, AI 수요 증가로 인한 중장기 상승 추세 유지 전망. 현재 변동성 1.68%로 관망 심리 강화되었으나, 과거 성과 부진으로 신중한 접근 유지.","매수 수량을 보수적으로 100주로 제한하고, 지정가 58,700원에 주문하여 단기 반등 시 매수. 현금 비중 24,657,200원 중 10,000,000원만 사용하여 리스크 분산. 손절 기준은 5% 하락(55,765원)으로 설정하여 손실 제한."
simulation_20260610_173242,2025-02-20,8,A006,1,2,10,0,,,,mixed,buy,100,limit,58400.0,True,"단기 상승 추세와 변동성 확대 속에서 스마트 모니터 판매 호조와 AI 파트너십은 긍정적 신호이나, TV/스마트폰 점유율 하락은 부정적 요인으로 혼재된 시장 심리입니다. 기술적 지표와 처분효과를 고려한 보수적 접근이 필요하며, 개인투자자 거래대금 급증은 국내 증시에 긍정적 영향을 미칠 것으로 보입니다.","이전 belief 대비 개인투자자 거래대금 급증에 대한 긍정적 인식이 강화되었으며, 삼성생명/삼성화재 지분 구조 변화의 영향은 더욱 제한적으로 평가되고 있습니다.","5일선 대비 고평가 상태이나 20일선 대비 상승 추세 유지, 단기 조정 국면 진입(-0.51%)으로 매수 기회 발생. 개인투자자 거래대금 급증(14.99% 감소 후 반등 가능성)과 스마트 모니터 판매 호조, AI 파트너십 긍정적 신호를 고려하여 보수적 매수 진행. 현재 보유 현금 77,426,614원 중 100주 매수 시 약 5,840,000원 소요되며, max_single_trade_cash(38,713,307원) 및 max_buy_quantity(662주) 이내 준수.","단기 조정 가능성에 대비해 20일선(54,710원) 대비 상승 추세 유지 구간에서 매수. 손절 기준은 20일선 대비 하락 시(54,710원) 또는 5일선 대비 고평가 구간 이탈 시 설정. 매수 후 현금 비중 77,426,614원 → 71,586,614원으로 감소, 보유 주식 비중 증가. 변동성 확대 예상(1.68%)에 따라 포지션 크기 제한 및 분할 매수 전략 적용."
simulation_20260610_173242,2025-02-20,8,A052,1,4,10,0,,,,mixed,buy,1000,limit,58700.0,True,"향후 1개월 시장은 개인투자자 유입과 증시 회복 기대감으로 상승 압력이 우세하나 변동성 확대 가능성이 공존한다. 현재 밸류에이션은 소폭 고평가 상태이나 중장기 모멘텀으로 점진적 상승 가능성이 있으며, 거시경제 리스크와 긍정적 요인이 혼재된 혼합 심리 상태이다. 투자자는 기술적 지표와 추세를 중시하며 균형 잡힌 판단을 통해 분할 전략을 유지할 것이다.","이전 Belief 대비 미국 관세 리스크와 반도체 업황 부진에 대한 우려가 추가되었으나, 개인투자자 거래대금 급증과 증시 회복 기대감은 유지되어 단기 상승 압력에 대한 긍정적 전망이 우세하다.","최근 거래량 감소(-14.99%)로 매수세 약화 신호 확인, 5일 이동평균 대비 소폭 고평가(2.1%) 상태이나 20일 이동평균 대비 상승 추세(6.8%) 유지 중. 긍정적 기술 협력 및 조직 효율화 소식에 따른 중장기 모멘텀과 개인투자자 유입 증가 기대감으로 분할 매수 기회 판단. 현재 포트폴리오 내 삼성전자 비중 37.7%로 분산 투자 원칙에 부합하며, 과거 투자 성과 낮은 점을 고려해 과도한 레버리지 자제하고 분할 매수 전략 유지.","매수 수량은 가용 현금(389,198,394원)의 10% 이내로 제한하여 단일 거래 최대 현금 비율(50%) 및 최대 매수 수량(3,331주) 제약 준수. 지정가 58,700원으로 설정하여 단기 과열 가능성 대비 가격 안정화 확인. 매수 후 현금 비중 35% 이상 유지 및 삼성전자 비중 40% 이하로 관리하여 변동성 리스크 분산. 손절 기준은 5일 이동평균(57,200원) 대비 2% 하락 시 부분 매도 고려."
simulation_20260610_173242,2025-02-20,8,A065,0,0,0,0,,,,neutral,buy,47,limit,58700.0,True,"삼성전자는 HBM/AI OLED 모멘텀과 기술적 균형 매수 기회로 1개월 내 상승 전환 가능성이 높으며, 현재 밸류에이션은 중립적입니다. 거시경제 우려는 있으나 안정적 자산 선호 성향에 부합하며, 뉴스 해석 한계로 단기 관망 심리가 혼재합니다.","이전 Belief 대비 뉴스 해석 측면에서 더 보수적으로 접근하며, 반도체 업황 우려에 대한 민감도가 증가했으나 기술적 매수 기회는 여전히 유효하다고 판단.","HBM/AI OLED 모멘텀 지속과 기술적 균형 매수 기회 형성으로 1개월 내 상승 전환 가능성이 높으며, 현재 주가가 5일 이동평균(57,200원) 대비 근접하여 단기 반등 가능성이 있습니다. 보유 현금 5,560,436원 중 50% 한도(2,780,218원) 내에서 최대 매수 수량 47주를 지정가 58,700원에 매수하여 단기 상승 기회를 포착합니다.","매수 후 현금 비중 50% 유지, 보유 주식 비중 50% 유지. 손절 기준은 5일 이동평균(57,200원) 대비 2% 하락(56,056원) 시 매도하여 손실 제한. 추가 매수 신호는 5일 이동평균 돌파 시 발생."
simulation_20260610_173242,2025-02-20,8,A053,0,10,0,0,,,,mixed,hold,0,market,0,False,"향후 1개월 시장은 반도체 업황 회복과 AI·디스플레이 협력 강화로 상승 모멘텀이 지속되나 중국 HBM 경쟁 심화와 관세 리스크로 단기 변동성 확대 가능성이 있어 중립적 흐름을 예상한다. 현재 밸류에이션은 중장기 성장 잠재력을 반영한 적정 수준으로 판단되며, 스마트 모니터 '무빙스타일' 비중 증가와 DS부문 통합 소식에 따른 저평가 해소 가능성이 있다. 거시경제 측면에서는 미국 관세폭탄과 중국 수출 리스크로 글로벌 경기 둔화 우려가 있으나 국내 생산성 향상으로 내수는 안정적 흐름을 유지할 것으로 보인다. 시장 심리는 일부 강세 종목이 있으나 부정적 뉴스로 관망세가 우세하며, 헤드라인만으로는 삼성전자에 대한 직접적인 정보가 부족하나 '저비용·고효율 경영'과 '생산성 독보적 1위' 키워드는 간접적으로 참고할 수 있다. 과거 투자 성과가 좋은 편이나 명확한 판단을 위해 현재 현금 100,000,000원을 유지하며 추가 정보를 기다리는 것이 적절하다고 평가한다.","이전 Belief 대비 거시경제 리스크(관세, 중국 경쟁)에 대한 경계심이 강화되었으나, 밸류에이션 적정성과 성장 잠재력에 대한 긍정적 관점은 유지되었다. 시장 심리는 관망세로 전환되었으며, 투자 능력 평가는 헤드라인 스캔만으로는 명확한 판단이 어렵다는 점을 반영하여 보수적으로 조정되었다.","헤드라인 스캔형 뉴스로는 삼성전자에 대한 직접적 정보가 부족하며, 거시경제 리스크(관세, 중국 경쟁)가 지속되고 있어 관망세가 우세합니다. 현재 밸류에이션은 적정 수준으로 판단되나, 단기 변동성 확대 가능성과 중국 HBM 경쟁 심화로 인해 명확한 매수 신호가 부족합니다. 보유 현금 비중이 높은 상태에서 추가 정보를 기다리는 것이 적절하다고 평가합니다.","손실 가능성 관리: 단기 변동성 확대 가능성에 대비해 현금 비중을 유지하며, 추가 하락 시 매수 기회로 활용할 계획입니다. 보유 비중 관리: 현재 500주 보유 상태에서 추가 매수 없이 관망하며, 시장 방향성이 명확해질 때까지 보수적으로 대응합니다."
simulation_20260610_173242,2025-02-20,8,A056,1,2,10,0,,,,mixed,buy,400,limit,58500.0,True,"삼성전자는 저평가 밸류에이션과 개인투자자 유입 증가로 단기 상승 여력이 있으나, 미국 관세폭탄으로 인한 반도체 업황 부진 전망이 중장기 성장성에 부정적 영향을 줄 수 있어 신중한 접근이 필요함.","이전 Belief에서는 온디바이스 AI/CXL 테마 강세와 DS부문 조직 효율화를 주요 상승 요인으로 보았으나, 오늘은 미국 관세폭탄으로 인한 반도체 업황 부진 우려가 추가되어 중장기 전망이 다소 보수적으로 조정됨.","개인투자자 거래대금 급증(200조원 돌파)으로 유동성 증가와 삼성전자 매수세 확대 기대, 현재 PER 8.5x, PBR 1.2x의 저평가 상태, 5일 이동평균선(57,200원) 위에서 안정적인 흐름. 단기 변동성 증가(20일 변동성 1.68%)에도 불구하고 상승세 지속 전망이 우세하여 보수적 매수 기회 포착.","매수 수량은 max_buy_quantity(416) 이내에서 400주로 제한하여 과도한 포지션 확대 방지. 지정가 58,500원으로 설정하여 단기 조정 시 추가 매수 기회 확보. 보유 현금 48,636,817원 중 400주 매수 시 약 23,400,000원 사용(약 48% of max_single_trade_cash), 잔여 현금 25,236,817원 유지. 손절 기준은 5일 이동평균선(57,200원) 하향 돌파 시로 설정하여 단기 변동성 리스크 관리."
simulation_20260610_173242,2025-02-20,8,A077,2,5,10,0,,0,유지,mixed,hold,0,market,0,False,"단기 개인자금 유입으로 매수세 유입 가능성 있으나, 미국 관세폭탄과 반도체 업황 불확실성으로 변동성 확대 예상. 밸류에이션은 기술적 매수 신호 유지하나 내재가치 관점에서 추가 상승 여력 제한적. 중장기 리스크 대비 신중한 접근 필요.",이전 Belief 대비 변화 없음. 단기 긍정적 요소와 중장기 부정적 요소가 혼재된 상황에서 기존 관점을 유지함.,"단기 개인자금 유입으로 매수세 유입 가능성이 있으나, 미국 관세폭탄과 반도체 업황 불확실성으로 변동성 확대 및 횡보 가능성이 혼재된 상황. 기술적 매수 신호는 유지되고 있으나, PE/PB 등 내재가치 관점에서 추가 상승 여력이 제한적이며, 최근 거래량 감소(-14.99%)로 단기 모멘텀 약화 신호가 나타남. 현재 보유 중인 800주(평균 매수 단가 55,631원, 현재가 58,700원)의 미실현 이익 2,455,000원을 고려했을 때, 단기 변동성에 휘둘리지 않고 중장기 가치 하락 가능성에 대비해 신중한 접근이 필요함. 손실 시 이성적인 손절은 가능하나, 수익 보유는 오래 하는 성향에 따라 현재 포지션을 유지하며 추가 매수보다는 관망하는 것이 적절함.","1. 단일 매수 주문은 max_single_trade_cash(27,744,162원) 및 max_buy_quantity(475주)를 초과하지 않도록 보수적으로 설정. 2. 현재 보유 현금 55,488,324원 중 50% 이상을 현금 비중으로 유지하여 단기 변동성에 대비. 3. 손절 기준은 현재가 대비 5% 하락(55,765원) 시 이성적인 손절 실행. 4. 추가 매수 시 limit order로 지정가 설정하여 단기 변동성 리스크 관리. 5. 포트폴리오 내 삼성전자 집중도를 고려하여 향후 분산 투자 전략 검토."
simulation_20260610_173242,2025-02-20,8,A097,2,5,10,0,"삼성전자, HBM, 엔비디아, 4분기 실적, 메모리 가격, 미국 관세, 반도체 수출, 개인투자자 수급",0,유지,mixed,hold,0,market,0,False,"삼성전자는 단기 기술적 저항 돌파 여부가 핵심이며, 개인투자자 수급 개선 기대감이 있으나 미국 관세와 반도체 업황 부진으로 변동성 확대 가능성이 있습니다. 현재 밸류에이션은 중립적이나 HBM 수요 회복 여부가 추가 상승 여력을 결정할 것입니다.","이전 Belief 대비 미국 관세 영향과 반도체 업황 부진의 구체적 데이터가 추가되어 단기 상승 기대감이 약화되었으며, 기술적 저항 구간 돌파 실패 시 하락 리스크가 더 부각되었습니다.","현재 주가는 20일 이동평균(54,710원)을 6.5% 상회하며 기술적 저항 구간에 위치해 있으나, 미국 관세 리스크(25% 부과 시 자동차 수출 9조원 감소)와 반도체 업황 부진(메모리 가격 하락, 중국 저가 공세)으로 하락 압력이 상존합니다. 개인투자자 거래대금 급증(200조원 돌파)으로 단기 수급 개선 기대감이 있으나, 변동성(20일 기준 1.68%)은 중간 수준이며 최근 거래량 변화(-14.99%)는 감소 추세를 보이고 있어 돌파 신호 확인이 필요합니다. HBM 수요 회복 여부가 추가 상승 여력을 결정할 것이나 구체적 정보가 부족하며, 최근 투자 성과가 낮아 손실 시 이성적인 손절을 우선시해야 합니다. 따라서 관망하며 20일 이동평균선 돌파 및 거래량 증가 확인 시 진입을 고려하는 것이 적절합니다.","손절 기준은 20일 이동평균선(54,710원) 대비 3% 하락(53,069원) 시로 설정하며, 현재 보유 중인 4,500주(4.5%)는 전체 자산의 4.4%에 해당하므로 추가 매수 없이 현금 비중(74.9%)을 유지하며 관망합니다. 단기 변동성 확대 가능성에 대비해 과도한 매매를 피하고, HBM 수요 회복 신호가 포착될 경우 추가 매수 기회를 모색합니다."
