run_id,date,turn,agent_id,stock_code,direction,quantity,price,order_type,reason
simulation_20260610_174248,2025-02-11,1,A007,005930,buy,500,55500.0,limit,"5일 이동평균(54,380원) 대비 고평가 상태이지만, AI 기술 투자 확대와 내수 방어 전략, 갤럭시폰 실제 활용 사례 등 긍정적 요소가 혼재되어 있어 밸류에이션 대비 성장성 고려 시 매수 기회로 판단. 단기 모멘텀 약화(거래량 -10.8%)를 감안하여 보수적 진입."
simulation_20260610_174248,2025-02-11,1,A006,005930,buy,100,0,market,"긍정적 뉴스(시카고 경찰 납품, 딥시크 협력 가능성)와 기술적 지표(MA5 54380 대비 현재가 55700 상승, MA20 53885 대비 상승)에 따른 단기 매수 기회 포착. 포트폴리오 초기 상태로 현금 100,000,000원 보유, 처분효과 경향에 따라 수익 발생 시 빠른 매도 계획. AI 비용 효율화 기대감 반영."
simulation_20260610_174248,2025-02-11,1,A052,005930,buy,8975,55700.0,limit,"갤럭시폰 미국 경찰 납품 긍정적 뉴스와 제본스 역설에 따른 AI 수요 증가 전망으로 단기 매수 기회 포착. 현재 주가가 20일선(53,885원) 대비 소폭 상승한 55,700원 수준으로 단기 매수 가능 가격대이며, 변동성(1.75%)이 높은 상황에서 보수적 진입을 위해 지정가 매수 설정. 현금 10억 중 50%만 사용하여 리스크 분산."
simulation_20260610_174248,2025-02-11,1,A053,005930,buy,500,55700.0,limit,"미국 내 갤럭시폰 활용 확대와 AI/양자컴 기술 기대감, 금리 인하 전망으로 중장기 긍정적 요인이 우세하며, 현재 밸류에이션이 5일 이동평균 대비 약간 프리미엄이지만 기술 리더십과 성장성에 기반한 적정 수준으로 판단됩니다. 단기 변동성은 제한적이지만, 수출 부진 우려로 중립적 흐름을 보일 것으로 예상되어 limit order로 보수적 진입."
simulation_20260610_174248,2025-02-11,1,A065,005930,buy,500,55800.0,limit,"갤럭시폰 공공 부문 수요 확인 소식에 따른 단기 상승 가능성, 5일 이동평균(54,380원) 대비 현재가(55,700원) 약간 상회, 20일 이동평균(53,885원) 대비 상승 추세로 단기 매수 기회 포착"
simulation_20260610_174248,2025-02-11,1,A056,005930,buy,8975,0,market,"AI 생태계 확장과 미국 공공시장 진출로 중장기 성장 기대감이 유지되고 있으며, 현재 PBR 1.5배, PER 12배로 역사적 평균 대비 저평가 상태입니다. 반도체 업황 회복과 AI 투자 확대에 따른 밸류에이션 개선 가능성이 높아 매수 기회로 판단했습니다. 뉴스에서 딥시크 쇼크와 수출 피해 우려가 혼재되어 있으나, 긍정적 요소가 우세하여 중립적 상승 흐름을 예상합니다."
simulation_20260610_174248,2025-02-11,1,A088,005930,buy,800,55500.0,limit,"미국 현지 생산과 AI 인프라 투자로 방어적 매력 보유, 반도체 수요 증가 전망, 역사적 평균 대비 약간 고평가 상태이나 AI 성장 잠재력으로 적정 가치 재평가 필요. 단기 변동성 확대 예상으로 보수적 매수."
simulation_20260610_174248,2025-02-11,1,A097,005930,buy,8000,55600.0,limit,"기술적 지표상 20일 이동평균(53,885원) 대비 저평가 구간이며, AI 기술 경쟁과 정부 수주 확대 기대감이 중장기 반등 가능성을 시사합니다. 시카고 경찰 수주와 딥시크 AI 경쟁 관련 긍정적 소식이 혼재되어 있으나, 단기 관망세 지속 가능성을 고려해 보수적으로 매수합니다. 현재 현금 10억 원 중 4.4억 원(44%)을 투입하여 고위험 고수익 기회를 탐색하되, 단일 거래 한도를 준수합니다."
simulation_20260610_174248,2025-02-12,2,A050,005930,buy,500,55850.0,limit,"HBM 기술 우위 및 AI TV 출시 호재로 단기 매수세 유입 예상. 5일 이동평균(54960원) 대비 현재가(55800원) 상회, 거래량 변화율 7.45% 증가로 단기 변동성 확대 조짐. 기술적 돌파 신호 발생 시 단기 상승 모멘텀 포착 가능."
simulation_20260610_174248,2025-02-12,2,A053,005930,buy,200,55700.0,limit,"HBM 기술력 입증(169 vs 67)과 AI 특화 OLED TV 출시 소식으로 실적 개선 기대감이 높아졌으나, 중국 기술 추격 및 수출 부진 리스크를 고려해 보수적으로 매수. 현재 밸류에이션은 5일 이동평균 대비 약간 프리미엄이지만 기술 리더십과 성장성을 고려할 때 적정 수준으로 판단. 보유 현금 72,145,822원 중 200주(약 11,140,000원) 매수로 포트폴리오 균형 유지."
simulation_20260610_174248,2025-02-12,2,A065,005930,buy,200,55700.0,limit,"HBM 기술 경쟁력(169 vs 중국 67)과 AI 특화 OLED TV 출시 소식에 따른 단기 상승 모멘텀, 20일 변동성(1.69%)을 활용한 단기 매매 타이밍 포착, 5일 이동평균 대비 소폭 하락 구간에서의 매수 기회 발생 가능성"
simulation_20260610_174248,2025-02-12,2,A077,005930,buy,100,55700.0,limit,"AI OLED TV 출시와 AI 협력 강화로 중장기 성장 프리미엄 반영 가능성, HBM 기술 격차 해소 전략 구체화 시 단기 조정 매수 기회, 현재 밸류에이션 중립적이나 AI TV 실적 기여도 확인 후 추가 매수 검토 필요"
simulation_20260610_174248,2025-02-12,2,A097,005930,buy,1000,55850.0,limit,"기술적 돌파 신호 확인 및 AI OLED TV 출시, AI 삼각편대 구축, 퓨리오사AI 인수 논의 등 긍정적 요인 혼재. 5일 이동평균 대비 소폭 상승(0.001795%)과 거래량 증가(7.45%)로 단기 관심 증가. HBM 기술 격차 우려 있으나 중장기 성장 동력으로 작용할 가능성."
simulation_20260610_174248,2025-02-13,3,A050,005930,buy,100,55850.0,limit,"삼성전자 이사회 새 의장 소식(신제윤 前금융위원장 유력)으로 인한 단기 매수 기회 판단. 기술적 분석에서 5일 이동평균(55,320원) 위에서 거래 중이며, 20일 이동평균(53,895원) 대비 상승 추세. 현재가(55,800원)가 5일 이평보다 높아 단기 돌파 신호 발생 가능성 있음. HBM 기술 우위와 AI TV 출시 호재가 긍정적 요인으로 작용."
simulation_20260610_174248,2025-02-13,3,A007,005930,buy,300,55700.0,limit,"AI 기술 투자 확대와 HBM 경쟁력, 리더십 교체 가능성에 따른 장기 성장성 기대가 밸류에이션 대비 긍정적이며, 단기 변동성 확대 시 추가 매수 기회가 있을 것으로 판단됩니다. 현재 현금 비중이 높고 단기 기술적 흐름이 중립적이므로, 보수적으로 300주를 55,700원에 매수하여 평균 단가를 낮추고 장기 포지션을 강화합니다."
simulation_20260610_174248,2025-02-13,3,A006,005930,sell,100,0,market,"AI·로봇 테마 강세와 HBM 기술 발전 기대감, 신임 의장 선임 소식에 따른 단기 상승 모멘텀 지속으로 56,000~57,000원 구간 돌파 가능성이 높아졌습니다. 현재 보유 중인 005930 100주(평균 매수 단가 55,700원)를 시장가로 전량 매도하여 단기 수익을 실현하고자 합니다. 뉴스와 기술적 지표에서 상승 추세가 확인되었으며, 처분효과를 활용한 수익 실현 전략입니다."
simulation_20260610_174248,2025-02-13,3,A065,005930,buy,546,55800.0,limit,"뉴스(삼성전자 이사회 새 의장 유력 소식)와 기술적 지표(20일 이동평균 대비 소폭 상승, 변동성 낮음)를 기반으로 단기 매수 기회 판단. 현재 밸류에이션은 20일 이동평균(53,895원) 대비 55,800원으로 단기 매수 구간이며, AI 수요 증가와 반도체 기술 경쟁력 강화로 중장기 성장 기반 유지. 보유 현금 60,954,144원 중 50% 한도(30,477,072원) 내에서 최대 매수 수량(546주)을 시장가(55,800원)로 매수하여 단기 상승 모멘텀 활용."
simulation_20260610_174248,2025-02-13,3,A088,005930,buy,498,0,market,"AI 수요 회복과 반도체 수출 개선 기대감, HBM 기술 격차 및 관세 리스크로 인한 변동성 확대 예상. 신제윤 의장 선임으로 경영 안정성 및 정책 대응력 강화, 케이던시아 글로벌 계약 체결로 성장성 강화. 현재 주가는 5일 이동평균(55,320원) 위에서 거래되고 있으며, 역사적 평균 대비 약간 고평가이나 AI 성장 잠재력으로 재평가 가능성 존재. 내재가치 상승 요인과 장기 긍정적 전망에 따라 추가 매수 결정. 보유 현금 55,593,340원 중 50% 한도(27,796,670원) 내에서 최대 매수 수량(498주) 실행."
simulation_20260610_174248,2025-02-13,3,A097,005930,buy,2000,55900.0,limit,"신제윤 의장 선임 및 AI·로봇 관련 긍정적 뉴스로 단기 매수 신호 발생, 5일 이동평균(55,320원) 대비 소폭 상회한 현재 가격(55,800원)에서 추가 상승 가능성 존재. 거래량 감소(-0.15%)는 상승 모멘텀 약화 신호이나, 기술적 지표상 상승 추세 유지 중. 포트폴리오 내 현금 비중(49.9%) 고려 시 보수적 매수로 단기 돌파 신호 포착."
simulation_20260610_174248,2025-02-14,4,A007,005930,buy,200,55700.0,limit,"AI 기술 투자 확대와 리더십 교체 가능성으로 밸류에이션 대비 성장성이 긍정적이며, 단기 고평가 상태이나 보조금 재협상 과정에서 삼성 입장 강화 및 전략적 대응 가능성이 기대됩니다. 현재가 55,800원 대비 55,700원 limit 매수로 보수적 진입."
simulation_20260610_174248,2025-02-14,4,A065,005930,sell,1246,0,market,"보조금 재협상 리스크와 글로벌 경기 불확실성으로 인한 단기 변동성 확대 우려. 현재 보유 포지션(1,246주)을 전량 매도하여 현금화하고, 단기 관망 후 재진입 기회를 모색하기 위함. 기술적 지표상 단기 매수 구간이지만 거시경제 리스크와 시장 심리가 중립적~약간의 부정적 상태로, 보유 자산의 평가손실(20,000원) 및 변동성(20일 기준 1.57%)을 고려한 보수적 리스크 관리."
simulation_20260610_174248,2025-02-14,4,A056,005930,buy,2000,55800.0,limit,"PBR 1.5배, PER 12배의 저평가 상태와 온디바이스 AI 및 CXL 테마 강세로 인한 중장기 성장 기대감이 존재합니다. 단기 변동성 확대 시 분할 매수 기회를 모색하기 위해 limit order로 55,800원에 2,000주 매수합니다. 현재 보유 현금 500,017,514원 중 35,880,000원(약 7.2%)을 사용하며, max_single_trade_cash(250,008,756원) 및 max_buy_quantity(4,463주) 제약을 준수합니다."
simulation_20260610_174248,2025-02-14,4,A097,005930,buy,1000,56200.0,limit,"기술적 상승 추세와 온디바이스 AI 테마 강세로 단기 돌파 신호 포착 시 매수 기회 탐색. 5일 이동평균(55,780원) 대비 소폭 상회 구간에서 추가 상승 여력 확인. 현재 가격 56,000원 대비 200원 높은 56,200원에 지정가 매수 설정하여 단기 상승 모멘텀 활용."
simulation_20260610_174248,2025-02-17,5,A006,005930,buy,500,56200.0,limit,"단기 변동성 확대 후 56,000~57,000원 저항 구간 돌파 시 매수 기회. 온디바이스 AI 및 CXL 테마 강세로 반등 모멘텀 기대. 5일 이동평균(55,860원) 상회 및 20일 이동평균(54,095원) 대비 상승 추세이나, 단기 거래량 감소(-0.503%)로 모멘텀 약화 가능성 있음. 최태원 회장의 미국 재무장관 면담 추진은 긍정적이나, 트럼프 정부의 글로벌 세금전쟁과 TSMC-인텔 인수 검토는 부정적 요인. 코스피 2600 회복은 시장 분위기 개선에 긍정적이나, 단기 매매 성향이 강해 긍정적 뉴스에 빠르게 반응하고 부정적 뉴스에 추가 매수할 가능성이 높음. 현재 현금 100,008,328원 보유, 단기 하락 압력이 우세하나 관망보다는 분할 매수 전략으로 접근."
simulation_20260610_174248,2025-02-17,5,A056,005930,buy,2000,55800.0,limit,"온디바이스 AI 및 CXL 테마 강세로 중장기 성장 기대감 존재, 현재 PBR 1.5배, PER 12배의 저평가 상태. 단기 변동성 확대 시 분할 매수 기회로 판단하여 보수적으로 2000주 매수. 최태원 회장의 미국 재무부 장관 면담 추진으로 한미 반도체 공급망 협력 기대감 상승."
simulation_20260610_174248,2025-02-17,5,A065,005930,buy,500,55800.0,limit,"20일 이동평균(54095원) 대비 단기 매수 구간에 있으며, 변동성(20일 기준 1.568%)이 높은 수준으로 단기 상승 모멘텀 포착 시 매수 기회. 최태원 회장의 워싱턴 면담 긍정적 신호와 고환율/고유가 리스크 균형을 고려해 보수적 매수. 현재 현금 100,248,308원 중 500주(약 27,900,000원) 매수로 단기 기회 포착."
simulation_20260610_174248,2025-02-17,5,A077,005930,buy,100,56200.0,limit,"AI·메모리 수요 증가와 차세대 원전 협력 등 중장기 긍정적 요인, 대체거래소 출범으로 유동성 개선 기대감, 최태원 회장의 미 재무부 면담으로 투자 확대 기대감이 있으나, TSMC-인텔 거래로 인한 경쟁 구도 변화와 미국 정책 불확실성, 원가 부담 증가로 인한 고평가 리스크를 고려하여 보수적으로 매수. 현재 밸류에이션은 중립적이나 성장 프리미엄 반영 여부를 면밀히 검토할 필요가 있으며, 단기 모멘텀은 약하나 중장기 관점에서 추가 매수 기회."
simulation_20260610_174248,2025-02-18,6,A007,005930,buy,200,56900.0,limit,"AI 기술 투자 확대와 리더십 교체 가능성으로 밸류에이션 대비 성장성이 긍정적이며, 휴머노이드 열풍으로 로봇 산업 성장이 반도체 수요 증가로 이어질 수 있어 중장기 수혜가 기대됩니다. 단기 가격은 5일 이동평균(56,100원) 위에서 거래되고 있어 단기 상승 여력이 있습니다. 현재 보유 현금 55,533,331원 중 3,600,000원(6.5%)을 사용해 보수적으로 매수하며, 과거 낮은 투자 성과를 고려해 과도한 낙관보다는 균형 잡힌 접근을 유지합니다."
simulation_20260610_174248,2025-02-18,6,A006,005930,buy,300,56900.0,limit,"고배당 펀드 편입과 로봇/AI 사업 성장 기대감이 긍정적 모멘텀을 형성하고 있으며, 5일 이동평균(56,100원) 대비 소폭 하회한 상태에서 단기 매수 기회가 존재합니다. 현재 보유 현금 72,004,128원 중 50% 한도(36,002,064원)를 준수하며, 300주 매수 시 약 17,067,000원(수수료 0.00015 적용 시 약 25,500원 추가)으로 보수적 포지션 확대 가능합니다."
simulation_20260610_174248,2025-02-18,6,A053,005930,buy,535,56000.0,limit,"HBM 기술력과 AI 특화 OLED TV 출시 등 기술 리더십과 성장성을 고려할 때 현재 밸류에이션은 적정 수준으로 판단되며, 단기 변동성 확대 속에서 중장기 상승 동력이 예상됩니다. 보유 현금은 61,004,152원으로 추가 매수 여력이 있으며, 5일 이동평균 대비 약간 낮은 수준에서 매수 기회를 포착하고자 합니다."
simulation_20260610_174248,2025-02-18,6,A056,005930,buy,4393,56900.0,limit,"고배당 펀드 편입 소식과 로봇주 열풍으로 장기 성장성 기대감 상승, 현재 PBR 1.5배/PER 12배의 저평가 상태 유지. 5일 이동평균선 상회 및 20일 변동성 축소 추세에서 보수적 분할 매수 기회 포착. 보유 현금 500,017,514원 중 50% 한도 내에서 최대 매수 수량(4393주) 실행."
simulation_20260610_174248,2025-02-18,6,A065,005930,buy,500,56800.0,limit,"단기 매수 구간(20일 이동평균 54,255원 대비 상승)에서 휴머노이드 열풍과 고배당주 선호로 인한 긍정적 시장 심리, 반도체 업황 및 글로벌 공급망 안정화 정책에 따른 중장기 긍정적 전망을 고려하여 보수적 매수 결정. 현재 변동성(20일 기준 1.59%)이 다소 높은 수준이지만, 기술적 지표상 5일 이동평균(56,100원)을 상회하는 상승 추세와 상승 모멘텀 유지로 단기 매수 기회 포착."
simulation_20260610_174248,2025-02-18,6,A088,005930,buy,244,56900.0,limit,"AI 수요 회복과 반도체 수출 개선 기대감이 상승 모멘텀을 제공할 수 있으며, 밸류에이션이 역사적 평균 대비 약간 고평가이나 AI 성장 잠재력으로 재평가 가능성이 존재합니다. 5일 이동평균선 위에서 거래되고 있어 기술적 상승 추세가 확인되며, 장기 보유 관점에서 추가 매수 기회가 있습니다. 현재 보유 주식 대비 현금 비중이 높아 보수적 추가 매수로 포트폴리오 균형을 유지합니다."
simulation_20260610_174248,2025-02-19,7,A050,005930,buy,300,58700.0,limit,"기술적 돌파 신호(5일 이동평균 상향 돌파, 거래량 증가)와 HBM 기술 우위 및 AI TV 출시 호재가 결합되어 단기 매수 기회가 존재합니다. 58,700원 근처에서 매수 시 단기 상승 모멘텀을 활용할 수 있으며, 현재 보유 현금 66,484,974원 중 50% 한도 내에서 보수적으로 매수합니다."
simulation_20260610_174248,2025-02-19,7,A007,005930,buy,200,58500.0,limit,"AI 및 반도체 수요 증가로 인한 중장기 상승 전망, 스마트 모니터 시장 점유율 확대와 DS부문 조직 통합 등 긍정적 뉴스, 단기 밸류에이션 고평가 상태이지만 중장기 내재가치 상승 요인 존재. 현재 포트폴리오에서 삼성전자 비중 높은 편이며, 현금 보유량 중간 수준. 보수적 매수로 리스크 관리."
simulation_20260610_174248,2025-02-19,7,A052,005930,buy,4258,0,market,"온디바이스 AI·CXL 테마 강세와 스마트 모니터 판매 호조가 기술적 지표와 일치하여 단기 상승 추세 유지 전망. 5일 이동평균(56,680원) 대비 현재가(58,700원) 상회, 20일 이동평균(54,475원) 대비 강한 상승세, 거래량 변화율(14.75%) 증가로 상승 모멘텀 확인. 긍정적 뉴스가 기술적 지표와 일치하여 단기 매수 기회 포착."
simulation_20260610_174248,2025-02-19,7,A053,005930,buy,400,56800.0,limit,"기술 리더십과 AI 수요 증가로 중장기 상승 동력 기대, DS부문 통합 및 스마트 모니터 혁신으로 수익성 개선 기대감 존재. 5일 이동평균(56,680원) 대비 약간 낮은 매수 기회 포착 가능. 현재 포트폴리오 분산 유지 및 적정 위험 수용 성향 고려."
simulation_20260610_174248,2025-02-19,7,A065,005930,buy,853,0,market,"5일 이동평균(56,680원) 상향 돌파와 거래량 14.7% 증가로 단기 매수세 유입 확인. 스마트 모니터 혁신, HBM 테마 상승, 아이폰-갤럭시 호환성 개선 등 긍정적 뉴스 헤드라인 스캔. 현재 가격은 20일 이동평균 대비 7.8% 프리미엄으로 단기 매수 구간에 위치. 보유 현금 100,248,308원 중 50% 한도 내 최대 매수 수량(853주) 시장가 매수."
simulation_20260610_174248,2025-02-19,7,A056,005930,buy,1000,58700.0,limit,"DS부문 조직 통합과 아이폰-갤럭시 채팅 장벽 해소 등 긍정적 요소가 추가되어 장기 성장성에 대한 확신이 강화되었으며, 현재 PER 12배, PBR 1.5배로 여전히 저평가 구간에 머물러 있어 추가 매수 기회를 모색합니다. 무빙스타일 모니터 판매 증가와 AI 수요 확대에 따른 반도체 업황 회복 기대감이 반영되었습니다."
simulation_20260610_174248,2025-02-19,7,A006,005930,buy,467,0,market,"무빙스타일 모니터 판매 급증과 아이폰-갤럭시 채팅장벽 해소 소식에 따른 단기 호재 인식 확산, 5일 이동평균(56,680원) 대비 현재가(58,700원) 소폭 상회 및 20일 이동평균(54,475원) 대비 상승 여력 존재, 거래량 전일 대비 14.75% 증가로 단기 돌파 신호 발생 가능성. 보유 현금 54,931,567원 중 50% 한도(27,465,783원) 내에서 최대 매수 수량(467주) 시장가 매수로 단기 상승 모멘텀 포착."
simulation_20260610_174248,2025-02-19,7,A088,005930,buy,118,58700.0,limit,"무빙스타일 스마트 모니터 판매 호조와 아이폰-RCS 도입으로 인한 긍정적 기대감이 단기 상승 압력으로 작용할 수 있으며, 5일 이동평균선(56,680원) 위에서 거래되고 있어 분할 매수 기회가 존재합니다. 현재 밸류에이션은 약간 고평가이나 AI 성장 잠재력과 스마트 모니터 판매 호조 등 긍정적 요인이 밸류에이션 부담을 상쇄할 수 있습니다. 과거 투자 성과가 낮은 점을 고려하여 추가 정보 확인 없이 바로 매수하기보다는 시장 반응을 지켜보며 분할 매수 기회를 모색하는 것이 적절합니다."
simulation_20260610_174248,2025-02-20,8,A053,005930,buy,300,58500.0,limit,"기술 리더십과 AI 수요 증가로 중장기 상승 동력 기대, DS부문 통합과 스마트 모니터 혁신으로 수익성 개선 기대감 존재. 현재 밸류에이션은 5일 이동평균 대비 약간 높은 수준이지만 내재가치와 성장성을 고려할 때 매수 기회로 판단. 단기 변동성 확대 우려는 있으나, limit order로 가격 조정 시 매수."
simulation_20260610_174248,2025-02-20,8,A056,005930,buy,1637,58400.0,limit,"AI 테마 확대와 반도체 업황 회복 기대감이 장기 성장성을 지지하며, 현재 PER 12배, PBR 1.5배의 저평가 매력은 여전히 유효합니다. 개인투자자 유입 증가 추세는 단기 긍정적 요인으로 작용하며, 장기 보유 관점에서 매수 기회가 될 수 있습니다. 단기 하락(-0.5%)으로 밸류에이션 매력도가 일부 조정되었으나, 5일 이동평균선(57,200원) 위에서 거래되고 있어 단기 지지력을 확인할 수 있습니다."
simulation_20260610_174248,2025-02-20,8,A077,005930,buy,100,58500.0,limit,"개인투자자 거래대금 급증(200조원 돌파)으로 단기 매수세 유입 가능성이 있으나, 미국 관세폭탄 현실화 시 반도체 업황 불확실성 증가로 횡보 또는 소폭 하락 가능성이 혼재. 현재 5일 이동평균(57,200원) 대비 소폭 상승 구간(58,400원)에서 추가 매수 기회를 모색하며, 장기 성장성(메모리 반도체 수요 회복)을 고려한 중립적 밸류에이션 관점에서 보수적 매수 진행. 보유 현금 88,828,324원 중 50% 한도(44,414,162원) 내에서 100주 매수 시 약 5,850만원 소요로 현금 비중 유지 가능."
simulation_20260610_174248,2025-02-21,9,A052,005930,buy,1000,58450.0,limit,"로봇 사업 호재로 인한 기술적 강세 신호(5일·20일 이동평균 상회, 거래량 증가)와 단기 돌파 신호 확인. 현재가 58,400원에서 58,450원 지정가 매수로 과열 우려 완화 및 단기 상승 추세 진입. 보유 현금 250,035,422원 중 10,000,000원(10%) 사용, 단일 거래 한도(125,017,711원) 이내."
simulation_20260610_174248,2025-02-21,9,A006,005930,buy,126,58300.0,limit,"로봇 사업 호재와 5일 이동평균 대비 소폭 상회한 기술적 매수 신호, 최근 거래량 변화율 2.82% 상승으로 단기 매수세 유입 확인. 현재 보유 현금 27,514,555원으로 max_single_trade_cash(13,757,277) 이내에서 보수적 매수 진행."
simulation_20260610_174248,2025-02-21,9,A053,005930,buy,200,58500.0,limit,"반도체 업황 회복과 AI 수요 증가로 인한 상승 압력 우세, 기술 리더십과 성장성을 고려한 적정 밸류에이션 판단, 현재 가격이 5일 이동평균 대비 약간 높은 수준이지만 매수 기회로 판단. 헤드라인 스캔 결과 삼성전자 직접 뉴스는 없으나 간접적 리스크 존재. 보유 현금 43,481,524원 중 0.5 비율(21,740,762원) 이내에서 보수적 매수 진행."
simulation_20260610_174248,2025-02-21,9,A077,005930,buy,150,58250.0,limit,"5일 이동평균(57,640원) 대비 소폭 상승 구간에서 보수적 매수 기회 포착. 로봇 사업 강화와 AI 관련 정부 지원으로 장기 성장 기대. 레인보우로보틱스 지분 확대 및 로봇사업부 신설로 신성장 동력 확보. 엠디바이스 상장을 통한 반도체 스토리지 시장 확대 신호. 현재 보유 현금 82,987,448원 중 50% 한도 내에서 150주 매수(7,237,500원)로 포트폴리오 분산 및 평균 매수 단가 개선."
simulation_20260610_174248,2025-02-24,10,A007,005930,buy,200,57200.0,limit,"중장기 AI 및 반도체 수요 증가로 인한 성장 전망, 휴머노이드 수혜로 인한 내재가치 상승, 20일 이동평균 대비 상승 추세, 현재 가격이 20일 이동평균(55,140원) 위에 위치해 중기 추세가 상승 중이며, 단기 밸류에이션 고평가 상태이나 기술 리더십 강화로 긍정적 성장 동력이 예상됩니다. 보유 현금 44,151,624원 중 200주 매수 시 약 11,440,000원(25.9%)을 사용하여 max_single_trade_cash(22,075,812원) 이내이며, max_buy_quantity(385주) 이내입니다. 단기 변동성(-1.55%)이 낮고 20일 변동성(1.74%)이 제한적이므로 보수적 매수로 접근합니다."
simulation_20260610_174248,2025-02-24,10,A050,005930,buy,426,0,market,"HBM 기술 우위와 AI TV 출시 호재로 중장기 상승 가능성이 존재하며, 현재 주가가 5일 이동평균선 아래에서 거래되고 있어 단기 조정 시 매수 기회 포착. 보유 현금 48,872,332원 중 50% 한도(24,436,166원) 내에서 최대 매수 수량(426주)을 시장가로 매수하여 단기 변동성 대비 포지션 구축. 현재 포트폴리오 현금 비중 48%로 다소 높은 편이며, 중장기 기회 노리기 위해 일부 현금 활용."
simulation_20260610_174248,2025-02-24,10,A053,005930,buy,277,0,market,"반도체 업황 회복과 AI 수요 증가로 인한 상승 압력, 기술 리더십과 성장성을 고려한 적정 밸류에이션 범위 내 매수 기회, 20일 이동평균 대비 상승 추세"
simulation_20260610_174248,2025-02-24,10,A056,005930,buy,834,58200.0,limit,"AI·반도체 업황 회복 기대감 지속과 기술 리더십 강화(삼성전자 AI 행사 참여, 보이스피싱 탐지 서비스 출시)로 장기 성장성 지지. PER 12배, PBR 1.5배의 저평가 상태와 내재가치 고려 시 매수 매력도 존재. 단기 하락(-0.5%)으로 밸류에이션 매력도 일부 조정되었으나, 장기 보유 전략과 불필요한 매매 자제 성향에 따라 보수적 추가 매수 결정. 현재 보유 현금(95,694,374원) 중 50% 한도(47,847,187원) 내에서 최대 매수 수량(834주) 충족."
simulation_20260610_174248,2025-02-24,10,A077,005930,buy,200,57300.0,limit,"AI 행사 스폰서십과 기술 협력 강화로 기술 리더십 강화 긍정적, 내재가치 대비 소폭 저평가 상태(5일 이동평균 대비 -1.0%), 노사 협약을 통한 자사주 지급 및 임금 인상 등 주주환원 정책 변화 기대, 중장기 성장성(로보틱스 분야 협력 강화). 현재 밸류에이션은 매수 기회로 판단되며, 보유 현금 74,256,139원 중 200주 매수 시 약 11,460,000원 소요되어 단일 거래 한도(37,128,069.5원) 이내. 단기 거래량 감소(-36.3%)로 유동성 리스크 존재하나, 중장기 성장 기대감이 기술적 흐름을 지지할 것으로 예상."
simulation_20260610_174248,2025-02-24,10,A097,005930,buy,1200,57500.0,limit,"AI 반도체 시장 확대와 GTC 2025 참여로 중장기 상승 추세 지속 전망. 현재 주가가 57,300원으로 20일 이동평균(55,140원) 대비 4% 상회하며 기술적 상승 추세 확인. 단기 58,000원 돌파 시 매수 기회 포착. 5일 이동평균(57,900원) 대비 현재가가 낮아 단기 조정 가능성 있으나 AI 테마 긍정적 뉴스와 노사 합의로 단기 모멘텀 강화. 보유 현금 331,449,732원 중 50% 한도 내에서 보수적 매수 진행."
simulation_20260610_174248,2025-02-25,11,A007,005930,buy,200,57200.0,limit,"AI 및 반도체 수요 증가로 인한 중장기 성장 동력, 기술 리더십 강화 기대감이 있으나 단기 밸류에이션 고평가 우려가 존재합니다. 현재 가격은 20일 이동평균 대비 상승했으나 단기 과열 가능성으로 보수적 매수 접근이 필요합니다. 보유 현금 44,151,624원 중 200주(약 11,440,000원) 매수로 포지션 확대, 평균 매수 단가 55,840원 대비 2.4% 할인된 가격에 매수하여 리스크 관리."
simulation_20260610_174248,2025-02-25,11,A050,005930,buy,100,57250.0,limit,"기술적 지표 기반 매수 기회: 5일 이동평균(57,960) 대비 하락, 20일 이동평균(55,285) 대비 상승, 변동성 확대(20일 기준 1.72%)로 단기 반등 가능성 높음. HBM 기술 우위와 AI TV 출시 호재가 긍정적 영향을 줄 수 있으며, 밸류에이션은 중립 수준. 현재 보유 현금 24,458,871원으로 max_single_trade_cash(12,229,435) 이내에서 보수적 매수 진행."
simulation_20260610_174248,2025-02-25,11,A006,005930,buy,176,57250.0,limit,"5일 이동평균(57,960원) 대비 약 1.1% 낮은 현재가(57,300원)와 거래량 증가(3.44%)로 단기 매수 여력이 존재하며, '존경받는 기업' 선정 및 서비스센터 부문 1위 등 긍정적 브랜드 가치 상승이 중장기 긍정적 영향을 줄 것으로 판단됩니다. 기술적 지표상 상승 모멘텀 유지 중이나, 정치적 리스크와 경기 둔화 우려로 신중한 접근이 필요합니다."
simulation_20260610_174248,2025-02-25,11,A052,005930,buy,1676,57300.0,limit,"기술적 강세 신호 지속(20일 이동평균 대비 상승), 존경받는 기업 선정으로 긍정적 심리 지지, 현재 현금 비중 고려 시 추가 매수 여력 존재. 지정가 매수로 균형 잡힌 진입."
simulation_20260610_174248,2025-02-25,11,A053,005930,buy,139,57300.0,limit,"반도체 업황 회복과 AI 수요 증가로 인한 상승 압력, 기술 리더십과 성장성을 고려한 적정 밸류에이션, 5일 이동평균 대비 약간 높은 수준에서의 매수 기회"
simulation_20260610_174248,2025-02-25,11,A056,005930,buy,200,57200.0,limit,"AI·반도체 업황 회복과 기술 리더십 강화로 장기 성장성이 지지되며, 현재 PER 12배, PBR 1.5배의 저평가 상태는 매수 매력도를 유지합니다. 단기 하락 조정으로 밸류에이션 매력도가 일부 감소했으나, 20일 이동평균선 대비 상승 추세와 낮은 변동성(1.72%)은 중기 상승 모멘텀을 시사합니다. '존경받는 기업' 1위 선정 및 AI 브라우저 코멧 출시 등 긍정적 뉴스가 장기 가치 상승을 견인할 것으로 예상되며, 단기 변동성 요인(미국 관세, 중국 경기 둔화)에 대한 경계심을 유지하면서도 매수 기회를 포착하기 위해 보수적으로 매수합니다."
simulation_20260610_174248,2025-02-25,11,A077,005930,buy,500,57250.0,limit,"5일 이동평균 대비 -1.0% 저평가 상태, 존경받는 기업 22년 연속 선정 및 서비스 부문 1위 소식으로 브랜드 가치 강화, AI 투자 확대와 5G 인프라 투자 확대로 중장기 성장 기대감 존재. 단기 변동성 대비 현금 비중 62.8%로 적절하며, 추가 매수를 통해 평균 매수 단가를 낮추고 장기 가치 집중."
simulation_20260610_174248,2025-02-25,11,A088,005930,buy,10,57200.0,limit,"5일 이동평균(57,960원) 대비 할인된 가격대에서 분할 매수 기회 포착. AI 성장 잠재력과 스마트 모니터 판매 호조로 밸류에이션 부담 상쇄 가능성. 현재 보유 비중 85.5%로 높은 편이나 추가 정보 확인 없이 바로 매수보다는 시장 반응 관찰 후 분할 매수 접근."
simulation_20260610_174248,2025-02-25,11,A097,005930,buy,2295,58000.0,limit,"단기 58,000원 돌파 시 매수 기회 예상, 현재 57,200원 수준에서 안정적 흐름, 20일 이동평균 대비 3.5% 상회, 거래량 증가(3.44%)로 상승 추세 지속 가능성 시사. '존경받는 기업' 22년 연속 선정 및 서비스센터 부문 1위 유지로 브랜드 가치 상승, AI 반도체 수요 확대와 GTC 2025 참여로 중장기 상승 추세 지속 전망. 고위험 고수익 기회 선호 성향에 따라 추가 매수 여력 활용."
simulation_20260610_174248,2025-02-26,12,A050,005930,buy,165,56600.0,limit,"단기 반등 기회 포착 및 5G 특화망 구축 소식에 따른 실적 개선 기대감. 현재가(56,600원)가 5일 이동평균(57,540원) 대비 낮아 단기 매수 진입 가능. 보유 현금 18,738,013원 중 9,369,006원(50%) 한도 내에서 최대 매수 수량(165주) 실행."
simulation_20260610_174248,2025-02-26,12,A007,005930,buy,288,56600.0,limit,"AI 및 반도체 수요 증가로 중장기 상승 전망이 우세하나 단기 밸류에이션 고평가 우려가 존재합니다. 현재가(56,600원)는 20일 이동평균(55,430원) 대비 상승했으나 평균 매수 단가(56,067원) 대비 2.4% 할인된 보수적 매수 구간으로 판단됩니다. PE/PB 등 가치평가 지표 기반 보수적 매수 전략을 유지하며, 단기 변동성(1.71%)이 높은 상황에서 과도한 매수보다는 가용 현금(32,709,908원)의 50% 한도 내에서 최대 매수 수량(288주)을 지정가(56,600원)로 매수하여 리스크 관리를 강화합니다."
simulation_20260610_174248,2025-02-26,12,A006,005930,buy,89,56600.0,limit,"현대차와의 5G 특화망 및 로봇 배터리 협력 소식에 따른 기술적 돌파 신호와 5일 이동평균 대비 할인된 가격(56,600원)을 활용한 단기 매수 기회. 거래량 증가(23.9%)와 금리 인하로 인한 경기 부양 효과가 추가 상승 모멘텀을 제공할 것으로 예상. 보유 현금(10,111,545원) 중 50% 한도 내에서 최대 매수 수량(89주) 주문."
simulation_20260610_174248,2025-02-26,12,A053,005930,buy,70,56600.0,limit,"반도체 업황 회복과 AI 수요 증가로 인한 중장기 상승 모멘텀, 20일 이동평균 대비 상승 추세, 12시간 거래 수수료 인하로 인한 유동성 증가 기대, 현대차와의 협력으로 인한 중장기 성장 가능성"
simulation_20260610_174248,2025-02-26,12,A065,005930,buy,400,56800.0,limit,현대차와의 5G 특화망 구축 및 로봇 배터리 협력 소식에 따른 긍정적 모멘텀과 20일 이동평균 대비 7.8% 프리미엄으로 단기 매수 구간에 위치. 단기 돌파 신호 대기 중.
simulation_20260610_174248,2025-02-26,12,A056,005930,buy,322,57200.0,limit,"현대차와의 5G 특화망 및 로봇 배터리 협력 소식으로 기술 경쟁력 강화와 신성장 동력 확보 기대감이 높아 장기 성장 모멘텀이 유지될 것으로 판단됩니다. 현재 PER 12배, PBR 1.5배로 저평가 상태이며, 20일 이동평균선 대비 상승 추세와 낮은 변동성(1.72%)은 중기 매수 매력도를 지지합니다. 금리 인하와 스태그플레이션 우려를 균형 있게 고려할 때 보수적 매수 기회가 존재합니다."
simulation_20260610_174248,2025-02-26,12,A077,005930,buy,200,56500.0,limit,"현대차와의 5G 특화망 및 로봇 배터리 협력 호재로 중장기 성장 기반 강화, 현재 5일 이동평균 대비 -1.0% 저평가 상태, 보유 현금 34,190,130원을 활용한 분할 매수 기회. 단기 변동성 확대 예상되나, 분할 매수로 평균 단가 관리 가능."
simulation_20260610_174248,2025-02-26,12,A088,005930,buy,56,57200.0,limit,"NXT 거래소 출범과 현대차와의 협력 소식에 따른 긍정적 반응, AI 성장 잠재력, 스마트 모니터 판매 호조로 밸류에이션 부담을 상쇄할 수 있다는 belief와 시장 분석 일치. 현재 가격은 57,200원으로 5일 이동평균선 위에서 거래되고 있으며, 거래량은 전일 대비 23.88% 증가하여 단기 관심 증가를 반영. 추가 매수 여력이 있고, max_single_trade_cash(3,207,682원) 이내에서 보수적으로 56주 매수 결정."
simulation_20260610_174248,2025-02-27,13,A007,005930,buy,145,56200.0,limit,"AI 및 반도체 수요 증가로 중장기 상승 전망이 우세하나 단기 밸류에이션 고평가 우려가 혼재된 중립적 시장 환경에서, 보수적 매수 전략을 유지하며 리스크 관리에 집중하기 위해 단기 조정 시 추가 매수 기회를 포착하고자 합니다. 현재 가격(56,300원)이 과거 평균 매수 단가(56,170원) 대비 소폭 상승한 상태이며, 5일 이동평균(57,120원) 대비 하락해 단기 조정 가능성이 있습니다. 보유 현금(16,406,663원) 중 50% 한도(8,203,331원) 내에서 최대 매수 수량(145주)을 시장가보다 100원 낮은 56,200원에 지정가 매수 주문을 제출하여 단기 변동성(1.71%)을 고려한 리스크 관리를 수행합니다."
simulation_20260610_174248,2025-02-27,13,A006,005930,buy,45,56300.0,limit,"5일 이동평균(57,120원) 대비 할인된 가격(56,300원)에서 단기 매수 기회 존재. 현재 보유 현금 5,073,389원으로 max_single_trade_cash(2,536,694원) 이내에서 보수적 매수 진행. 현대차 협력 및 SKT-아이온큐 양자컴퓨팅 협력 소식이 기술적 돌파 신호로 작용할 가능성 있으나, 정치적 리스크와 님비 현상으로 변동성 확대 우려 있어 limit 주문으로 진입 가격 관리."
simulation_20260610_174248,2025-02-27,13,A053,005930,buy,35,56600.0,limit,"반도체 업황 회복과 AI 수요 증가로 중장기 상승 모멘텀 유지, 현재 주가가 20일 이동평균(55,560원) 위에서 거래되고 있어 중기 상승 추세 유지. 밸류에이션은 기술 리더십과 성장성을 고려할 때 적정 범위 내 매수 기회로 판단되며, 현재 가격(56,600원)이 평균 매수 단가(56,901원) 대비 소폭 하락했으나 20일 이동평균 대비 프리미엄 유지. 단기 변동성 확대 가능성 있으나, 현금 비중(4,050,710원)이 낮아 추가 매수 여력이 제한적이므로 max_single_trade_cash(2,025,354원) 이내에서 보수적으로 35주 매수."
simulation_20260610_174248,2025-02-27,13,A065,005930,buy,244,56200.0,limit,"현대차와의 전략적 협력 소식에 따른 1개월 내 소폭 상승 가능성, 현재 주가가 20일 이동평균 대비 7.8% 프리미엄을 보이는 단기 매수 구간, 기술적 지표상 5일 이동평균(57,120원)과 20일 이동평균(55,560원) 사이에서 횡보 중이며 단기 돌파 신호 주시 필요. 보유 현금 27,526,301원 중 50% 한도(13,763,150원) 내에서 최대 매수 수량(244주)을 보수적으로 매수하여 단기 반등 시 수익 실현 기회 확보."
simulation_20260610_174248,2025-02-27,13,A056,005930,buy,161,56300.0,limit,"저평가된 밸류에이션(PER 12배, PBR 1.5배)과 AI/데이터센터 투자 확대, 세제 혜택, 양자컴퓨팅 협력 등 긍정적 뉴스 반영으로 추가 매수 기회 포착. 20일 이동평균선 위에서 거래되며 변동성 1.72%로 안정적. 보유 현금 18,229,356원 중 50% 한도 내에서 최대 매수 수량(161주) 매수."
simulation_20260610_174248,2025-02-27,13,A077,005930,buy,200,56500.0,limit,"5일 이동평균 대비 -1.0% 저평가 상태(57,120원 대비 56,300원)에서 AI 가속기 및 데이터센터 투자 확대로 인한 중장기 성장 기반 강화, 세제 혜택 및 전력 인프라 확충 긍정적 영향. 현재 보유 현금 34,190,130원 중 50% 한도(17,095,065원) 내에서 보수적 분할 매수 진행. 평균 매수 단가 57,217원 대비 현재가 56,600원으로 추가 하락 시 평균 단가 개선 기회."
simulation_20260610_174248,2025-02-27,13,A088,005930,buy,28,56300.0,limit,"반도체 업황 회복과 AI·데이터센터 투자 확대로 인한 상승 모멘텀, 한미의원연맹 출범으로 미국 진출 리스크 완화, 하이마트 빅세일로 가전 수요 증가 등 긍정적 뉴스 확인. 현재 밸류에이션은 AI 성장 잠재력과 업황 개선 기대감으로 저평가된 우량주 수준. 단기 기술적 지지선(55,560원) 이탈 시 관망 필요하나, 장기 보유 성향과 안정적 자산 선호도를 고려해 보수적 추가 매수 진행."
simulation_20260610_174248,2025-02-27,13,A097,005930,buy,1166,56300.0,limit,"20일 이동평균(55,560원) 돌파 신호와 AI/데이터센터 수요 증가 뉴스로 단기 상승 모멘텀 확인. 현재 보유 현금 131,385,727원 중 50% 한도(65,692,863원) 내에서 최대 매수 수량(1166주) 지정가 매수 실행. 단기 조정 구간 진입으로 추가 하락 리스크 대비 보수적 진입."
simulation_20260610_174248,2025-02-28,14,A050,005930,buy,86,55665.0,limit,"20일 이동평균(55,665원) 지지선에서 단기 반등 기회 포착. 공매도 재개와 관세 충격 관련 뉴스로 단기 변동성 확대 예상. 현재 보유 현금 9,397,612원으로 max_single_trade_cash(4,698,805.84) 이내에서 보수적 매수 진행."
simulation_20260610_174248,2025-02-28,14,A006,005930,sell,1703,0,market,"공매도 재개와 관세 충격으로 인한 단기 하락 압력 지속 예상. 현재 보유 주식은 평균 매수 단가 57,225원 대비 현재가 54,500원으로 -4.7% 손실 상태이며, 20일 이동평균 하향 돌파로 단기 과매도 신호 발생. 손실 시 추가 매수 성향으로 리스크 관리 미흡 우려가 있어 전량 매도하여 현금 확보 및 손실 확정."
simulation_20260610_174248,2025-02-28,14,A052,005930,buy,880,54500.0,limit,"기술적 반등 기회 활용: 20일 이동평균(55,665원) 대비 1,165원 저평가 구간(54,500원)에서 단기 하락 추세 확인 시 매수 전략 유효. 뉴스에서 PBV/IoT 협력 소식 및 TV 시장 1위 유지 긍정적 신호 혼재. 현재 현금 95,945,112원 보유로 max_single_trade_cash(47,972,556원) 이내에서 보수적 매수 진행."
simulation_20260610_174248,2025-02-28,14,A053,005930,buy,19,54500.0,limit,"반도체 업황 회복과 AI 수요로 중장기 상승 모멘텀 유지, 현재 주가가 20일 이동평균(55,665원) 아래에서 거래되고 있어 밸류에이션 측면에서 다소 저평가된 상태로 판단됨. PE/PB 등 가치평가 지표와 내재가치, 성장성, 저평가 여부를 종합적으로 고려할 때 매수 관점에서 매력적임. 단기 변동성 확대 가능성(20일 기준 1.796%)을 감안해 보수적으로 접근하며, 현재 보유 주식의 평균 매수 단가(56,889원) 대비 평가손실이 발생 중이므로 추가 매수로 평균 단가를 낮추고 장기 상승 모멘텀을 활용하고자 함."
simulation_20260610_174248,2025-02-28,14,A056,005930,buy,84,56200.0,limit,"저평가된 밸류에이션(PER 12배, PBR 1.5배)과 K디자인 호평, PBV/IoT 협력 등 중장기 성장 동력을 고려하여 단기 하락 시 분할 매수 접근. 현재가 56,300원 대비 56,200원에 limit order 설정하여 추가 하락 리스크 대비."
simulation_20260610_174248,2025-02-28,14,A077,005930,buy,200,56200.0,limit,"5일 이동평균 대비 -1.0% 저평가 상태이며, 3월 말 공매도 재개 후 반등 가능성이 존재합니다. TV 시장 점유율과 OLED 경쟁력은 긍정적 요인으로 중장기 성장 기반이 견고합니다. 현재 포트폴리오에서 손실 시 이성적인 손절 원칙을 유지하기 위해 분할 매수 접근이 적절합니다."
simulation_20260610_174248,2025-03-04,15,A050,005930,buy,43,54000.0,limit,"대체거래소 도입과 홀수 해 상승 패턴에 따른 단기 반등 기회, AI TV 출시 호재와 5G 특화망 구축 소식에 따른 실적 개선 기대감, 현재 주가가 5일 및 20일 이동평균 아래에 위치해 단기 하락 압력 존재, 변동성 확대 시 단기 매수 기회로 활용 가능"
simulation_20260610_174248,2025-03-04,15,A006,005930,buy,100,54500.0,limit,"대체거래소 개장 및 반도체법 논의로 인한 변동성 확대 후 반등 가능성에 대비해 과매도 상태(20일 이동평균 대비)에서 매수 기회 포착. 현재 주가는 5일 이동평균 대비 하락했으나, 기술적 지표상 단기 반등 신호 확인. 보유 현금 95,339,087원 중 50% 한도(47,669,543원) 내에서 보수적 매수 진행."
simulation_20260610_174248,2025-03-04,15,A052,005930,buy,440,54300.0,limit,"20일 이동평균 대비 약 2.4% 저평가된 기술적 반등 기회 포착. 최우준 사장 승진 등 긍정적 인사 소식과 대체거래소 유동성 확대 기대감이 중장기 상승 신호. 현재 보유 현금 47,977,918원 중 50% 한도(23,988,959원) 내에서 보수적 매수 진행. 54,300원 지정가로 매수하여 추가 하락 시 추가 매수 기회 확보."
simulation_20260610_174248,2025-03-04,15,A056,005930,buy,42,54000.0,limit,"저평가된 밸류에이션(PER 12배, PBR 1.5배)과 대체거래소 개장(3/24), 반도체특별법 논의, AI 스마트폰 리더십 강화 등 긍정적 뉴스로 중장기 회복 전망. 단기 하락 시 분할 매수 전략으로 추가 매수 기회 활용. 현재 포트폴리오 현금 4,585,010원 중 2,292,505원(50%) 한도 내에서 보수적 매수."
simulation_20260610_174248,2025-03-04,15,A065,005930,buy,150,54300.0,limit,"단기 조정 후 횡보 국면에서 20일 이동평균 대비 7.8% 프리미엄을 보이는 단기 매수 구간으로 판단. 현대차 협력 소식에 따른 상승 기대감이 있으나, 기술적 지표와 거래량 중심의 보수적 접근이 필요하며, 현금 비중이 높아 단기 반등 시 매수 기회를 노릴 수 있는 상태입니다. 현재 주가는 5일 이동평균 대비 2.4% 하락 상태이며, 20일 변동성(1.66%)은 낮은 수준이나 대체거래소 출범으로 단기 변동성 증가 우려가 있어 보수적으로 54,300원에 지정가 매수 주문을 실행합니다."
simulation_20260610_174248,2025-03-04,15,A077,005930,buy,110,54000.0,limit,"현재 주가는 5일 이동평균 대비 -1.0% 저평가 상태이며, PE/PB 등 가치평가 지표와 내재가치, 성장성 측면에서 보수적 관점에서 매수 기회로 판단됩니다. 대체거래소 개장(3/24)과 반도체특별법 논의는 단기 변동성을 유발할 수 있으나, 중장기 성장 기반에 대한 확신은 유지되어 추가 매수로 평균 매수 단가를 낮추고 중장기 포지션을 강화하고자 합니다."
simulation_20260610_174248,2025-03-04,15,A097,005930,buy,300,54300.0,limit,"대체거래소 개장(3/24)과 반도체특별법 논의로 변동성 확대 예상, 현재 주가가 20일 이동평균(55,840원) 대비 2.4% 저평가 상태이며, 기술적 반등 신호 포착. 단기 조정 구간 진입으로 매수 기회 판단. 뉴스에서 긍정적 재료(대체거래소, 반도체특별법)와 글로벌 리스크 혼재하나, 국내 증시 강세 기조 유지."
